title;property_type;living_space;floor;#_of_rooms;street;post_code;city;price;district_name;Latitude;Longitude
Zentrales und ruhiges Wohnquartier;Apartment;62;null;3.5 rooms;not-existing;8045;not-existing;1.700;Alt-Wiedikon;47,3516;8,5057
MÖBLIERT  TEMPORÄR: 4½ ZI-WOHNUNG IN ZÜRICH - KREIS 9 ALBISRIEDEN;Furnished apartment;100;Floor 4;4.5 rooms;not-existing;8047;not-existing;2.798;Albisrieden;47,3739;8,487
Wir suchen Nachmieter für Schöne und helle 3-Zimmerwohnung ab 01.03...;Apartment;70;Floor 3;3 rooms;Albisriederstrasse 54;8003;Zürich;2.480;Sihlfeld/Werd;47,3726;8,5161
2.5 Zimmerwohnung an bester Lage;Apartment;100;Floor 4;2.5 rooms;Zeltweg 15;8032;Zürich;2.535;Hirslanden;47,3667;8,5644
Flatshare / WG Zimmer in Zürich Seefeld (Kreis 8) - Looking for a f...;Miscellaneous;null;null;3.5 rooms;not-existing;8008;not-existing;1.950;Riesbach;47,3536;8,5614
Zimmer frei in modernen 2er WG mit Aussicht auf dem Uetliberg  am B...;Miscellaneous;null;null;3.5 rooms;not-existing;8048;not-existing;1.265;Altstetten;47,3868;8,4839
Loft for sublet in Kreis 5 in Zurich;Furnished apartment;34;Floor 6;1 room;Turbinenstrasse 26;8005;Zürich;2.204;Industriequartier;47,3868;8,5207
2 Zimmer Wohnung Verfügbar Ende März anfangs April;Apartment;43;Ground floor;2 rooms;Glattwiesenstr. 30;8051;Zürich;1.113;Schwamendingen;47,3996;8,5788
Moderne 3-Zimmerwohnung im Kreis 2;Apartment;76;null;3 rooms;Waffenplatzstrasse 82;8002;Zürich;920;Enge;47,3606;8,5325
CHARMANTE 4 ZIMMERWOHNUNG NÄHE SEEFELD;Apartment;119;Floor 3;4 rooms;Asylstrasse 68;8032;Zürich;2.290;Hirslanden;47,3667;8,5644
Urbane Wohnqualität in aufstrebendem Stadtteil;Apartment;80;Floor 2;2.5 rooms;Wallisellenstrasse 333;8050;Zürich;2.205;Oerlikon;47,4119;8,5508
MÖBLIERT  TEMPORÄR: 3½ ZIMMER-HAUS IN ZÜRICH - KREIS 3 FRIESENBERG;Furnished apartment;90;Floor 3;3.5 rooms;not-existing;8045;not-existing;1.813;Alt-Wiedikon;47,3516;8,5057
Zentrales und ruhiges Wohnquartier;Apartment;62;Ground floor;3.5 rooms;Wiedingstrasse 89;8045;Zürich;1.700;Alt-Wiedikon;47,3516;8,5057
Zentrales und ruhiges Wohnquartier;Apartment;62;null;3.5 rooms;Wiedingstrasse 89;8045;Zürich;1.700;Alt-Wiedikon;47,3516;8,5057
Ihr neues zu Hause in Zürich-Affoltern;Apartment;58;Floor 1;3 rooms;Zelglistrasse 1;8046;Zürich;1.750;Affoltern;47,4222;8,5083
Moderne  helle 5.5-Zimmer-Wohnung mit Aussicht;Apartment;140;Floor 15;null;Hohlstrasse 508;8048;Zürich;4.460;Altstetten;47,3868;8,4839
Bijou in Albisrieden sucht NachmieterIn;Apartment;60;Floor 1;2.5 rooms;In der;8047;Zürich;1.750;Albisrieden;47,3739;8,487
WG in der Nähe vom Hegibachplatz;Room in shared accommodation;13;null;3 rooms;Forchstrasse 130;8032;Zürich;890;Hirslanden;47,3667;8,5644
1.5 Zimmerwohnung nähe Kreuzplatz;Apartment;null;Ground floor;1.5 rooms;Neptunstrasse 67;8032;Zürich;1.685;Hirslanden;47,3667;8,5644
1.5 Zimmer Wohnung;Apartment;null;Floor 2;1.5 rooms;Rötelsteig 4;8037;Zürich ZH;1.199;Wipkingen;47,3985;8,5243
Looking for a comfortable short term stay;Miscellaneous;null;null;3.5 rooms;not-existing;8048;not-existing;850;Altstetten;47,3868;8,4839
WG-ZIMMER MÖBLIERT AB FEBRUAR;Miscellaneous;null;null;3.5 rooms;not-existing;8047;not-existing;680;Albisrieden;47,3739;8,487
Gemütliche 3-Zimmer-Wohnung mit grossem Balkon (zuoberst);Apartment;73;Floor 2;3 rooms;Schaufelbergerstrasse 56;8055;Zürich;1.745;Friesenberg;47,3642;8,4903
Helles Praxiszimmer mit Seesicht im Seefeld;Single room;null;null;1 room;Badstrasse 3;8008;Zürich;590;Riesbach;47,3536;8,5614
3.5 zimmer central flat (8004 ZH) - 2'350CHF 85m2 3rd floor;Apartment;85;null;3.5 rooms;Sihlhallenstrasse;8004;Zürich;2.350;Aussersihl;47,378;8,5234
Hübsche  helle neue renovierte Einleger-Dachwohnung in Einfamilienhaus;Apartment;55;Floor 3;2 rooms;Hagenbuchrain 7;8047;Zürich;1.700;Albisrieden;47,3739;8,487
Flat with 2.5 room in Zurichberg ideal for couples or single person;Apartment;60;Floor 2;2.5 rooms;Ackermannstrasse 14;8044;Zürich;1.995;Hottingen;47,3806;8,5994
Oerlikon möbliertes Zimmer;Furnished apartment;null;Floor 1;1 room;Berninastrasse 89;8057;Zürich;850;Unter/Oberstrass;47,3999;8,5474
Singelwohnung an Top-Lage!;Apartment;39;Floor 3;1.5 rooms;Josefstr. 129;8005;Zürich;1.550;Industriequartier;47,3868;8,5207
Loftwohnung beim Berninaplatz;Apartment;100;Floor 2;3.5 rooms;Rosmarinweg 13;8057;Zürich;3.055;Unter/Oberstrass;47,3999;8,5474
ruhig und schön gelegen in Zürich-Oerlikon / 102;Furnished apartment;null;Floor 1;1 room;Berninastraase 89;8057;Zürich;950;Unter/Oberstrass;47,3999;8,5474
Zentrale Wohnung im ruhigen Quartier;Apartment;68;Ground floor;3 rooms;Speerstrasse 37;8038;Zürich;2.680;Wollishofen;47,3416;8,5369
Room in Centrally Located Flat;Room in shared accommodation;null;Floor 4;1 room;Langstrasse 211;8005;Zürich;1.000;Industriequartier;47,3868;8,5207
Das perfekte WG-Zimmer nahe Zürich Hardbrücke!;Room in shared accommodation;16;Floor 2;1 room;Knüslistrasse;8004;Zürich;1.128;Aussersihl;47,378;8,5234
3 Zimmerwohnung 1. OG - Befristet bis 31.03.2020;Apartment;77;Floor 1;3 rooms;Streulistrasse 66;8032;Zürich;1.800;Hirslanden;47,3667;8,5644
Helle und gepflgte 2-Zimmer-Dachwohnung mit Terrasse von ca. 4.5 m2;Attic apartment;48;Floor 3;2.5 rooms;Langensteinenstrasse 4;8057;Zürich;2.020;Unter/Oberstrass;47,3999;8,5474
Neubauwohnung mit grosser Terrasse;Penthouse;128;Floor 3;4.5 rooms;Am Wasser 134;8049;Zürich;4.250;Höngg;47,4087;8,5004
Historisches Reiheneinfamilienhaus am Fusse des Uetlibergs;Terraced house;120;null;5.5 rooms;Uetlibergstrasse 171;8045;Zürich;3.730;Alt-Wiedikon;47,3516;8,5057
Haben Sie hohe Wohnansprüchen und lieben die Altstadt?;Apartment;105;null;null;Schipfe 7;8001;Zürich;4.330;Altstadt;47,372;8,5413
Mitten in der Altstadt mit Sicht auf die Zürcher Wahrzeichen;Maisonette;84;Floor 3;3.5 rooms;Glockengasse 1/Strehlgasse 19;8001;Zürich;4.075;Altstadt;47,372;8,5413
Frisch saniertes Haus mit Garten - mitten in der Stadt Zürich;Terraced house;124;null;>=6 rooms;Scheuchzerstrasse 123;8006;Zürich;4.960;Wipkingen;47,3858;8,5432
Möblierte 2-Zimmer Wohnung (ca. 40 m2);Furnished apartment;40;Floor 4;2.5 rooms;Triemlistrasse 145;8047;Zürich;1.830;Albisrieden;47,3739;8,487
helle 2 Zimmerwohnung;Apartment;null;null;2 rooms;Langfurren;8057;Zürich;1.370;Unter/Oberstrass;47,3999;8,5474
Sehr schöne  moderne 1 Zi.-Whg zu vermieten.;Apartment;null;null;1 room;not-existing;8002;not-existing;1.451;Enge;47,3606;8,5325
Wohnen im Parkside  Neu Oerlikon;Apartment;125;Floor 2;4.5 rooms;Sophie Täuber-Strasse 10;8050;Zürich;3.150;Oerlikon;47,4119;8,5508
Wohnen an ruhiger und sonniger Lage;Apartment;115;Ground floor;5.5 rooms;Imbisbühlsteig 6;8049;Zürich;2.870;Höngg;47,4087;8,5004
Direkt an der Limmat!;Apartment;67;Floor 3;2.5 rooms;Winzerhalde 97;8049;Zürich;2.190;Höngg;47,4087;8,5004
CITY ZENTRUM - GARTEN - BALKON - Mod.sonnig ruhig + HOBBYRAUM - ev.Gar;Apartment;60;Floor 1;2.5 rooms;Rotbuchstrasse 26;8006;Zürich;2.500;Wipkingen;47,3858;8,5432
Gemütliches Zimmer im Herzen von Zürich Oerlikon;Room in shared accommodation;80;Floor 3;1 room;Franklinstrasse 6;8050;Zürich;1.190;Oerlikon;47,4119;8,5508
Renovierte 3-Zimmer-Altbauwohnung im Herzen von Oerlikon;Apartment;null;null;3 rooms;not-existing;8050;not-existing;2.285;Oerlikon;47,4119;8,5508
Wunderschöne Wohnung mit zwei Balkonen in Wipkingen unterzuvermieten;Apartment;null;null;3.5 rooms;not-existing;8037;not-existing;2.930;Wipkingen;47,3985;8,5243
"Grosszügige 4.5 Zimmer-Wohnung im Gebäude ""young living"" in Zürich ...";Apartment;109;Floor 7;4.5 rooms;Hohlstrasse 480;8048;Zürich;2.801;Altstetten;47,3868;8,4839
WUNDERVOLLES Häuschen - Zimmer frei!!;Miscellaneous;null;null;1.5 rooms;not-existing;8045;not-existing;1.300;Alt-Wiedikon;47,3516;8,5057
WG-Zimmer;Miscellaneous;null;null;2 rooms;not-existing;8047;not-existing;650;Albisrieden;47,3739;8,487
Vermiete 2 Zimmer Whg (48sqm)  Kreis 6 Weinbergstrasse;Apartment;null;null;2 rooms;not-existing;8006;not-existing;1.650;Wipkingen;47,3858;8,5432
2 Zimmer Wohnung in der Altstadt mit eigener Dachterasse 16 m^2;Apartment;null;null;2 rooms;not-existing;8001;not-existing;1.930;Altstadt;47,372;8,5413
Exklusive 2-Zimmerwohnung im Herzen der Stadt Zürich;Apartment;57;Floor 4;2 rooms;Münsterhof 11;8001;Zürich;2.940;Altstadt;47,372;8,5413
Stadtwohnung an zentraler Lage;Apartment;35;Floor 1;1.5 rooms;Dennlerstr. 2;8048;Zürich;1.242;Altstetten;47,3868;8,4839
Wunderschöne Wohnung mitten im Seefeld zu vermiet...;Apartment;65;Floor 3;2.5 rooms;not-existing;8008;not-existing;1.900;Riesbach;47,3536;8,5614
Exklusive 2-Zimmerwohnung im Herzen der Stadt Zürich;Apartment;57;Floor 4;2 rooms;not-existing;8001;not-existing;2.940;Altstadt;47,372;8,5413
MÖBLIERT  TEMPORÄR: 2½ ZIMMER-MAISONETTEWOHNUNG IN ZÜRICH - KREIS 11 A;Furnished apartment;75;Floor 4;2.5 rooms;not-existing;8050;not-existing;2.040;Oerlikon;47,4119;8,5508
Best in the City!;Apartment;78;Floor 2;3 rooms;Freiestrasse 21;8032;Zürich;2.780;Hirslanden;47,3667;8,5644
Best in the City!;Apartment;78;Ground floor;3 rooms;Freiestrasse 21;8032;Zürich;2.680;Hirslanden;47,3667;8,5644
Best in the City!;Apartment;96;Ground floor;4 rooms;Freiestrasse 21;8032;Zürich;3.280;Hirslanden;47,3667;8,5644
Möbiliertes Zimmer (28) an ruhiger Lage bei UNI / ETH/ Furnished ro...;Room in shared accommodation;15;null;1 room;Niederdorfstrasse;8001;Zurich;690;Altstadt;47,372;8,5413
2 Zimmer Wohnung;Apartment;55;Ground floor;2 rooms;Oerlikonerstrasse 92;8050;Zürich ZH;1.580;Oerlikon;47,4119;8,5508
Zimmer mit en Suite Bad im Kreis 7;Single-family house;null;null;1 room;not-existing;8032;not-existing;1.150;Hirslanden;47,3667;8,5644
Traumhafte 2.5-Zimmerwohnung im Kreis 6;Apartment;87;Ground floor;2.5 rooms;Huttenstrasse 24;8006;Zürich;2.698;Wipkingen;47,3858;8,5432
James Albisrieden - Wohnen mit Service;Apartment;76;Floor 2;2.5 rooms;Flüelastrasse 25;8047;Zürich;1.970;Albisrieden;47,3739;8,487
Ihre Traumwohnung - modern und im Zentrum von Wollishofen;Apartment;106;Floor 4;3.5 rooms;Etzelstrasse 3;8038;Zürich;3.490;Wollishofen;47,3416;8,5369
Gemütliches Zimmer mit großer Dachterrasse in 2er WG;Single room;97;Floor 3;1 room;Albisriederstrasse 315;8047;Zürich;1.441;Albisrieden;47,3739;8,487
3.5 zimmer very central flat (8004 ZH) - 2'350CHF 80m2 3rd floor;Apartment;85;Floor 3;3.5 rooms;Sihlhallenstrasse 19;8004;Zürich;2.350;Aussersihl;47,378;8,5234
4 1/2-Zimmerwohnung  zentral in Zürich-Altstetten  perfekt für WGs;Apartment;101;Floor 1;4.5 rooms;Altstetterstrasse 121;8048;Zürich;1.890;Altstetten;47,3868;8,4839
Erstvermietung Attika-Stadtwohnung;Penthouse;92;Floor 4;3.5 rooms;Riedgrabenweg 2;8051;Zürich;3.000;Schwamendingen;47,3996;8,5788
Zentrale Singlewohnung;Apartment;30;Ground floor;1 room;Winterthurerstr. 292;8057;Zürich;1.057;Unter/Oberstrass;47,3999;8,5474
Ruhige 1.5 Zimmerwohnung in Zürich-Oerlikon;Apartment;30;Floor 3;1.5 rooms;Friedheimstrasse 1;8057;Zürich;1.305;Unter/Oberstrass;47,3999;8,5474
Zentrale Lage zwischen Groldbrunnenplatz und Bahnhof Binz;Apartment;null;Floor 1;3 rooms;Haldenstrasse 108;8055;Zürich;2.400;Friesenberg;47,3642;8,4903
Wohnen / Arbeiten im Grünen - oberhalb Triemli;Apartment;72;Ground floor;1.5 rooms;Birmensdorferstrasse 588;8055;Zürich;1.750;Friesenberg;47,3642;8,4903
3.5 Zimmerwohnung in Zürich Seebach  sehr zentral gelegen;Apartment;65;Floor 1;3.5 rooms;Seebacherstrasse 10;8052;Zürich;1.850;Seebach;47,4245;8,5406
Studio mit Terasse und eigenem Eingang;Apartment;24;Floor 1;1 room;Funkwiesenstrasse 26d;8050;Zürich;1.100;Oerlikon;47,4119;8,5508
Schöne Wohnung in Höngg;Apartment;60;Floor 3;2.5 rooms;Ackersteinstrasse 94;8049;Zürich;1.532;Höngg;47,4087;8,5004
Klein aber fein - direkt an der Limmat;Apartment;51;Ground floor;1.5 rooms;Winzerhalde 32;8049;Zürich;1.480;Höngg;47,4087;8,5004
2.5-Zimmerwohnung ab 01.04.2019;Apartment;57;Floor 1;2.5 rooms;Baslerstrasse 49;8048;Zürich;1.490;Altstetten;47,3868;8,4839
Wohnen im Grünen am Stadtrand;Apartment;23;Basement;1 room;Glättlistrasse 6;8048;Zürich;855;Altstetten;47,3868;8,4839
zwischen Giesshübel und Manesseplatz;Apartment;60;Floor 1;2.5 rooms;nahe Giesshübel;8045;Zürich;1.780;Alt-Wiedikon;47,3516;8,5057
Ruhige 4-Zimmer-Wohung mit Ausblick ins Grüne in Zürich Leimbach;Apartment;102;Floor 1;4 rooms;Grossackerstrasse 37;8041;Zürich;2.168;Leimbach;47,3361;8,5156
Ihr ruhiges Refugium in Zentrumsnähe;Apartment;40;Ground floor;2 rooms;Thujastrasse 8;8038;Zürich;1.600;Wollishofen;47,3416;8,5369
Ein wunderschönes  sonniges und ruhiges möbliertes Zimmer;Studio;22;Floor 3;1 room;Rotbuchstrasse;8037;Zürich;980;Wipkingen;47,3985;8,5243
Beautiful fully renovated flat with charm and garden;Apartment;80;Ground floor;3.5 rooms;Witikonerstrasse 77;8032;Zürich;2.600;Hirslanden;47,3667;8,5644
hübsche 2-Zimmerwohnung nähe Kunsthaus und Kreuzplatz;Apartment;56;Floor 3;2 rooms;Zeltweg 49;8032;Zürich;2.270;Hirslanden;47,3667;8,5644
Nähe Balgrist/Hirslanden;Apartment;null;Floor 1;2.5 rooms;Forchstrasse 315;8008;Zürich;1.790;Riesbach;47,3536;8,5614
neu renovierte Wohnung in attraktivem Wohnquartier;Apartment;70;Floor 1;2.5 rooms;Nordstrasse 80;8006;Zürich;2.340;Wipkingen;47,3858;8,5432
2-Zimmerwohnung bei den Viaduktbögen;Apartment;45;Floor 4;2 rooms;Josefstrasse 200;8005;Zürich;1.795;Industriequartier;47,3868;8,5207
Leben am Fluss;Apartment;77;Floor 4;2.5 rooms;Hardturmstr. 132;8005;Zürich;2.500;Industriequartier;47,3868;8,5207
3-Zimmerwohnung nähe Hubertus;Apartment;null;Floor 2;3 rooms;Brahmsstrasse 143;8003;Zürich;1.630;Sihlfeld/Werd;47,3726;8,5161
4.5-Zimmer Dachwohnung mit privater Dachterrasse;Attic apartment;137;Floor 3;4.5 rooms;Lavaterstrasse 77;8002;Zürich;4.260;Enge;47,3606;8,5325
Ruhige 1.5 Zimmer Dachmaisonnette mit grosser Terrasse in der Nähe ...;Apartment;49;Floor 4;1.5 rooms;Breitingerstrasse 30;8002;Zürich;2.400;Enge;47,3606;8,5325
New! Stylish furnished 2 5-rooms apart in Enge- Very centrally loca...;Apartment;65;Floor 1;2.5 rooms;Sternenstrasse 11;8002;Zürich;2.850;Enge;47,3606;8,5325
Schöne möblierte Wohnung zur Untermiete;Furnished apartment;36;Ground floor;1.5 rooms;Venusstrasse 2;8050;Zürich;1.300;Oerlikon;47,4119;8,5508
Gemütliches 2.5-Zimmerwohnung an zentraler Lage!;Apartment;55;Floor 2;2.5 rooms;Waffenplatzstrasse 65;8002;Zürich;2.080;Enge;47,3606;8,5325
Schöne  helle 3.5 Zimmer Wohnung in Wollishofen (Neubau);Apartment;null;null;3.5 rooms;not-existing;8038;not-existing;3.200;Wollishofen;47,3416;8,5369
Grosszügige Wohnung an zentraler Lage;Apartment;106;Ground floor;3.5 rooms;Weberstrasse 8;8004;Zürich;2.845;Aussersihl;47,378;8,5234
Neuwertige 2 5 Zimmer-Wohnung mit grossem Balkon zur Untermiete;Apartment;null;null;2.5 rooms;not-existing;8048;not-existing;1.900;Altstetten;47,3868;8,4839
Maisonette Wohnung zur Untermiete;Maisonette;null;null;2.5 rooms;not-existing;8046;not-existing;1.600;Affoltern;47,4222;8,5083
Exklusive Attikawohnung am Zürichberg;Penthouse;119;Floor 3;4.5 rooms;Restelbergstr. 18;8044;Zürich;4.960;Hottingen;47,3806;8,5994
Hochwertig ausgestattete Wohnung mit Balkon;Apartment;60;Floor 1;3 rooms;Badenerstr. 881;8048;Zürich;1.900;Altstetten;47,3868;8,4839
ca. 06. Februar bis 06. April 2019 helles  möbliertes WG-Zimmer in ...;Miscellaneous;null;null;1 room;not-existing;8055;not-existing;1.250;Friesenberg;47,3642;8,4903
Zimmer frei ab März/April (super WG);Miscellaneous;null;null;1 room;not-existing;8034;not-existing;950;nan;47,3667;8,55
Schönes helles Zimmer in der Nähe vom Bahnhof Altstetten;Miscellaneous;null;null;1 room;not-existing;8048;not-existing;650;Altstetten;47,3868;8,4839
Zimmer in Oerlikon *01/03 bis 01/04*;Miscellaneous;null;null;1 room;not-existing;8050;not-existing;400;Oerlikon;47,4119;8,5508
Top attraktive neuwertige 5-Zimmerwohnung!;Apartment;98;Floor 5;5 rooms;Eichbühlstrasse 62;8004;Zürich;3.300;Aussersihl;47,378;8,5234
Grosszügige Wohnung an zentraler Lage;Apartment;106;null;3.5 rooms;not-existing;8004;not-existing;2.845;Aussersihl;47,378;8,5234
Moderne  luxuriöse Maisonettewohnung am Tiefenbrunnen;Maisonette;189;Floor 2;4.5 rooms;Seefeldstrasse 277 A;8008;Zürich;7.070;Riesbach;47,3536;8,5614
Grosszügige 2-Zimmerwohnung im Kreis 11;Apartment;60;Floor 1;2 rooms;Probusweg 6;8057;Zürich;1.585;Unter/Oberstrass;47,3999;8,5474
3.5-Zimmerwohnung nähe Farbhof (Badenerstrasse 831  8048 Zürich);Apartment;80;Floor 1;3.5 rooms;Badenerstrasse 831;8048;Zürich;1.795;Altstetten;47,3868;8,4839
Duplexwohnung im Herzen der Altstadt beim Paradeplatz;Maisonette;100;null;4.5 rooms;Schlüsselgasse 3;8001;Zürich;3.654;Altstadt;47,372;8,5413
Aussenparkplätze zu vermieten;Miscellaneous;null;null;null;Landhusweg 2-8;8052;Zürich;150;Seebach;47,4245;8,5406
Furnished Loft in Zurich;Loft;null;null;1.5 rooms;not-existing;8005;not-existing;2.203;Industriequartier;47,3868;8,5207
3.5 Zi. Wohnung  74 qm  brutto CHF 1'657 in Zürich-Witikon;Apartment;74;Floor 3;3.5 rooms;not-existing;8053;not-existing;1.657;Witikon;47,3613;8,5974
3.5 Zimmer Wohnung in Zürich (Wollishofen);Apartment;105;Floor 1;3.5 rooms;not-existing;8038;not-existing;3.200;Wollishofen;47,3416;8,5369
Grosszügige 1-Zimmer Wohnung mit Balkon nähe ETH/Universitätsspital;Apartment;34;Floor 1;1 room;Möhrlistrasse 109;8006;Zürich;1.331;Wipkingen;47,3858;8,5432
Liftgaragenplatz Nähe Hegibachplatz zu vermieten;Miscellaneous;null;Basement;null;Hofackerstr. 31;8032;Zürich;160;Hirslanden;47,3667;8,5644
WG-Zimmer in grosszügiger Wohnung in Wiedikon ab sofort.;Miscellaneous;null;null;3.5 rooms;not-existing;8045;not-existing;1.150;Alt-Wiedikon;47,3516;8,5057
Letzte Neubauwohnungen an der Europaallee;Apartment;92;Floor 12;null;Europaallee;8004;Zürich;4.165;Aussersihl;47,378;8,5234
ANSPRECHEND IN MITTEN DER STADT;Loft;30;null;1 room;not-existing;8044;not-existing;1.700;Hottingen;47,3806;8,5994
An Top-Lage  stilvoll wohnen im Herzen von Zürich!;Apartment;82;Floor 5;2 rooms;Münsterhof 7;8001;Zürich;4.100;Altstadt;47,372;8,5413
Wohnen an Toplage!;Apartment;150;Floor 4;4.5 rooms;Rötelstr. 84;8057;Zürich;4.650;Unter/Oberstrass;47,3999;8,5474
Moderne 1-Zimmer-Wohnung!;Apartment;20;Floor 1;1 room;Zwinglistrasse 21;8004;Zürich;1.290;Aussersihl;47,378;8,5234
1-Zimmerwohnung im Herzen von Zürich;Apartment;21;Floor 3;1 room;Marktgasse 21;8001;Zürich;1.134;Altstadt;47,372;8,5413
Attikawohnung on top of Zurich;Apartment;100;Floor 4;2.5 rooms;Turnerstrasse 42;8006;Zürich;3.900;Wipkingen;47,3858;8,5432
AKTIONSPREIS - 3 ZI-WOHNUNG IN ZÜRICH  MÖBLIERT  TEMPORÄR;Furnished apartment;70;Floor 1;3 rooms;not-existing;8008;not-existing;1.125;Riesbach;47,3536;8,5614
Attic apartment in the center of Zürich Kreis 5;Attic apartment;65;Floor 5;3 rooms;not-existing;8005;not-existing;2.200;Industriequartier;47,3868;8,5207
Erstvermietung - Jugendstil -Wohnungen inmitten der Stadt!;Apartment;93;Floor 3;4.5 rooms;Scheuchzerstrasse 62;8006;Zürich;3.650;Wipkingen;47,3858;8,5432
Schöne Dachwohnung mit Dachzinne;Apartment;97;Floor 5;3.5 rooms;Birmensdorferstrasse 126;8003;Zürich;3.370;Sihlfeld/Werd;47,3726;8,5161
3-Zimmerwohnung mit grosszügigem  verglastem Balkon;Apartment;58;Floor 1;3 rooms;Grosswiesenstrasse 140;8051;Zürich;1.500;Schwamendingen;47,3996;8,5788
Charmantes Gartenstudio an zentraler Lage in Zürich zu vermieten;Apartment;null;Ground floor;null;Hirslanderstrasse 20;8032;Zürich;1.800;Hirslanden;47,3667;8,5644
Wohnung mit gemütlichem Balkon im schönen Witikon;Apartment;91;Ground floor;3.5 rooms;Witikonerstr. 243 / 245;8053;Zürich;1.850;Witikon;47,3613;8,5974
Wohnung;Apartment;88;Floor 2;3.5 rooms;leonhard-ragazweg  1;8055;Zürich;1.685;Friesenberg;47,3642;8,4903
Neuwertige Attika Wohnung an zentraler und ruhiger Lage;Apartment;74;Ground floor;2.5 rooms;Oerlikonerstrasse 88;8057;Zürich ZH;2.980;Unter/Oberstrass;47,3999;8,5474
3.5 Zimmer Wohnung an super Lage;Apartment;80;null;3.5 rooms;Bucheggstrasse 24;8037;Zürich;1.700;Wipkingen;47,3985;8,5243
Ruhiges Zimmer/ Quiet room in Zürich Kreis 4;Room in shared accommodation;15;null;3 rooms;Hohlstrasse;8004;Zürich;850;Aussersihl;47,378;8,5234
2 room Apartment in Seefeld Zürich;Apartment;55;Floor 2;2 rooms;Hammerstrasse 11;8008;Zürich;2.140;Riesbach;47,3536;8,5614
Ihr neues Zuhause mitten im Trendquartier - Kreis 4;Apartment;83;Floor 4;3.5 rooms;Müllerstrasse 56;8004;Zürich;2.557;Aussersihl;47,378;8,5234
Attraktive Single-Wohnung in Zürich-Witikon mit Sitzplatz;Apartment;45;Ground floor;2 rooms;Witikonerstrasse 247;8053;Zürich;1.420;Witikon;47,3613;8,5974
Wohnung mit gemütlichem Balkon im schönen Witikon;Apartment;91;null;3.5 rooms;not-existing;8053;not-existing;1.850;Witikon;47,3613;8,5974
Moderne Wohnung im Kreis 4;Apartment;65;Ground floor;3 rooms;Köchlistrasse 18;8004;Zürich;2.560;Aussersihl;47,378;8,5234
Geliebtes Witikon  3.5-Zimmer-Attika-Wohnung mit separatem Studio;Apartment;153;null;4.5 rooms;not-existing;8053;not-existing;5.950;Witikon;47,3613;8,5974
Terrassenwohnung mitten in Zürich West;Terraced apartment;null;null;2.5 rooms;not-existing;8005;not-existing;3.350;Industriequartier;47,3868;8,5207
Wohnung sucht neue Bewohner!;Apartment;80;Floor 2;3.5 rooms;Badenerstrasse 809;8048;Zürich;1.715;Altstetten;47,3868;8,4839
Schön ausgebauter Hobbyraum;Miscellaneous;null;null;null;Imbisbühlstr. 117;8049;Zürich;300;Höngg;47,4087;8,5004
Grosszügige  luxuriöse Attikawohnung in Zürich-Höngg;Penthouse;202;Floor 3;5.5 rooms;Imbisbühlstr. 117;8049;Zürich;5.481;Höngg;47,4087;8,5004
1.5-Zimmer-Alterswohnung in Zürich-Höngg (ab 60 Jahren);Apartment;43;Floor 2;1.5 rooms;Schärrergasse 3;8049;Zürich;1.090;Höngg;47,4087;8,5004
Ruhig und zentral Wohnen in Zürich-Altstetten;Apartment;null;Floor 1;3 rooms;Silvrettaweg 20;8048;Zürich;1.950;Altstetten;47,3868;8,4839
1.0-Zimmerwohnung nähe Lindenplatz;Apartment;30;Ground floor;1 room;Altstetterstrasse 177;8048;Zürich;1.050;Altstetten;47,3868;8,4839
ERSTVERMIETUNG: «W625» Ihr neues Zuhause - attraktives Wohnen in mo...;Apartment;129;null;3.5 rooms;Wehntalerstrasse 625;8046;Zürich;2.980;Affoltern;47,4222;8,5083
ERSTVERMIETUNG: «W625» Ihr neues Zuhause - attraktives Wohnen in mo...;Apartment;104;null;3.5 rooms;Wehntalerstrasse 625;8046;Zürich;2.620;Affoltern;47,4222;8,5083
ERSTVERMIETUNG: «W625» Ihr neues Zuhause - attraktives Wohnen in mo...;Apartment;109;null;3.5 rooms;Wehntalerstrasse 625;8046;Zürich;2.745;Affoltern;47,4222;8,5083
ERSTVERMIETUNG: «W625» Ihr neues Zuhause - attraktives Wohnen in mo...;Apartment;91;null;2.5 rooms;Wehntalerstrasse 625;8046;Zürich;2.405;Affoltern;47,4222;8,5083
ERSTVERMIETUNG: «W625» Ihr neues Zuhause - attraktives Wohnen in mo...;Apartment;72;null;2.5 rooms;Wehntalerstrasse 625;8046;Zürich;1.945;Affoltern;47,4222;8,5083
4-Zimmer-Wohnung mit Seesicht;Apartment;120;Floor 2;4 rooms;Schlösslistrasse 2;8044;Zürich;4.870;Hottingen;47,3806;8,5994
3 Bedroom Apartment for Sublease / 4.5-Z Wohnung zur Untermiete;Apartment;109;Ground floor;4.5 rooms;Maneggstrasse / Tuchmacherstrasse;8041;Zürich;3.180;Leimbach;47,3361;8,5156
Charmante und helle 2-Zi-WHG  mit Seesicht  Sauna- und Grillplatzbe...;Apartment;50;Floor 2;2 rooms;Kilchbergstrasse 163;8038;Zürich;1.590;Wollishofen;47,3416;8,5369
Schöne 2 Zimmer Wohnung direkt beim Hegibachplatz;Apartment;47;Floor 3;2 rooms;Forchstrasse 127;8032;Zürich;1.990;Hirslanden;47,3667;8,5644
Wohnen an bester Lage  mitten im trendigen Seefeld!;Apartment;52;Floor 2;2.5 rooms;Säntisstrasse 21;8008;Zürich;2.785;Riesbach;47,3536;8,5614
Helle  gemütliche Wohnung zu vermieten;Apartment;67;Floor 3;3 rooms;Balgriststrasse 23;8008;Zürich;1.700;Riesbach;47,3536;8,5614
Charmante Dachwohnung im Kreis 8   Nähe Burgwies / Balgrist;Attic apartment;60;Floor 4;2.5 rooms;Forchstrasse 286;8008;Zürich;2.155;Riesbach;47,3536;8,5614
Charmante 4-Zimmer-Parterrewohnung - hell und ruhig;Apartment;93;Ground floor;4 rooms;Blümlisalpstrasse 48;8006;Zürich;3.700;Wipkingen;47,3858;8,5432
Traumhafte Wohnung an zentraler Lage;Apartment;62;Floor 2;2 rooms;Schaffhauserstrasse 35;8006;Zürich;2.385;Wipkingen;47,3858;8,5432
3.5-Zimmer Wohnung im Hard Turm Park;Apartment;88;Floor 1;3.5 rooms;Förrlibuckstrasse 229;8005;Zürich;2.950;Industriequartier;47,3868;8,5207
ERSTVERMIETUNG: Frisch renoviertes Appartement am Limmatquai!;Furnished apartment;18;Floor 4;1 room;Limmatquai 70;8001;Zürich;1.840;Altstadt;47,372;8,5413
Eine helle  gemütliche Zimmer in 3-Zimmerwohnung für 2er WG;Apartment;12;Ground floor;1 room;Veichenstrasse  20;8032;Zürich ZH;1.050;Hirslanden;47,3667;8,5644
Neuwertige Attika Wohnung an zentraler und  ruhiger Lage;Apartment;74;null;2.5 rooms;Oerlikonerstrasse 88;8057;Zürich;2.980;Unter/Oberstrass;47,3999;8,5474
Zwischenlösung gesucht? Wohnen am Stadtrand befristet bis 30.06.2019!;Apartment;52;Ground floor;3 rooms;Kleeweidstr. 55;8041;Zürich;1.370;Leimbach;47,3361;8,5156
Januarloch-Adee! 1 Monat gratis wohnen!;Apartment;100;Floor 2;3.5 rooms;Badenerstrasse 565;8048;Zürich;2.940;Altstetten;47,3868;8,4839
Cooles WG Zimmer sehr Central;Room in shared accommodation;24;Floor 1;1 room;Haldenstrasse 178;8055;Zürich;1.097;Friesenberg;47,3642;8,4903
Erstvermietung von urbanen und hochwertigen Wohnungen;Apartment;66;Floor 1;2.5 rooms;not-existing;8046;not-existing;2.010;Affoltern;47,4222;8,5083
Erstvermietung nach Totalsanierung;Apartment;60;null;3 rooms;Agnesstrasse 49;8004;Zürich;2.495;Aussersihl;47,378;8,5234
Geräumige  moderne 3-Zi-Wohnung gleich bei Sihlcity;Apartment;null;null;3 rooms;not-existing;8045;not-existing;2.600;Alt-Wiedikon;47,3516;8,5057
Untermiete im April Starte in einer See- & Stadt nahen 2.5 Zimmer W...;Apartment;null;null;2.5 rooms;not-existing;8002;not-existing;2.715;Enge;47,3606;8,5325
Schöne 2.5 Zimmer Wohnung im Herzen von Zürich;Apartment;65;Floor 2;2.5 rooms;Metzgergasse;8001;Zürich;2.237;Altstadt;47,372;8,5413
Wohlfühloase im trendigen Seefeld!;Apartment;null;Floor 1;4 rooms;Näfgasse 3;8008;Zürich;2.890;Riesbach;47,3536;8,5614
Nachmieter/in für WG-Zimmer in Zürich Seefeld per 1.3. gesucht!;Miscellaneous;null;null;1 room;not-existing;8008;not-existing;1.350;Riesbach;47,3536;8,5614
Zimmer in 3er-WG bei der Bäckeranlage per sofort zu vermieten;Miscellaneous;null;null;1 room;not-existing;8004;not-existing;1.120;Aussersihl;47,378;8,5234
Moderne Wohnung im Kreis 4;Apartment;65;null;3 rooms;not-existing;8004;not-existing;2.560;Aussersihl;47,378;8,5234
Schöne und moderne Gartenwohnung;Apartment;61;Ground floor;2.5 rooms;Kügeliloostrasse 44;8050;Zürich;1.700;Oerlikon;47,4119;8,5508
Luxus 3er WG ab 01.03. - zentral am Stauffacher;Room in shared accommodation;120;Floor 3;1 room;Stauffacherstrasse 31;8004;Zürich;1.235;Aussersihl;47,378;8,5234
central 2 rooms  balcony  great view  5 min. main station /10 min l...;Miscellaneous;null;null;2 rooms;not-existing;8001;not-existing;1.200;Altstadt;47,372;8,5413
2½ ZI-WOHNUNG IN ZÜRICH - KREIS 11 ALLENMOOS  MÖBLIERT  TEMPORÄR;Furnished apartment;65;null;2.5 rooms;not-existing;8050;not-existing;1.750;Oerlikon;47,4119;8,5508
Super central 125sqm Rooftop Apmt  3.5rooms  up-scale;Attic apartment;125;Floor 5;3.5 rooms;Genferstrasse;8002;Zürich;3.600;Enge;47,3606;8,5325
4-Zi. Whg. im Herzen von Wiedikon;Apartment;96;Floor 4;4 rooms;Birmensdorferstrasse 127;8003;Zürich;2.704;Sihlfeld/Werd;47,3726;8,5161
«Gleistribüne» - Ihr nächster Anschluss direkt neben dem Zürich HB;Apartment;65;Floor 1;2.5 rooms;Zollstrasse 53;8005;Zürich;2.555;Industriequartier;47,3868;8,5207
1 Room in cool old flat Zurich Wollishofen  4 min from Lake;Miscellaneous;null;null;4.5 rooms;not-existing;8038;not-existing;775;Wollishofen;47,3416;8,5369
Luxus 3er WG ab 01.03. - zentral am Stauffacher;Room in shared accommodation;120;null;4.5 rooms;Stauffacherstrasse 31;8004;Zürich;1.235;Aussersihl;47,378;8,5234
2er WG im Kreis 4 ab Mitte März oder nach Vereinbarung;Miscellaneous;null;null;3.5 rooms;not-existing;8004;not-existing;1.440;Aussersihl;47,378;8,5234
Wohnateliers in renoviertem Fabrikgebäude an der Sihl;Loft;87;Floor 1;null;Lessingstrasse 11-17;8002;Zürich;2.453;Enge;47,3606;8,5325
Very nice and bright apartment in Seefeld;Apartment;67;Floor 1;2.5 rooms;Helenastrasse;8008;Zürich;2.238;Riesbach;47,3536;8,5614
Nachmieter für 4 5 Zimmer Wohnung in 8053 Zürich gesucht;Apartment;105;null;4.5 rooms;Wiesliacher ;8053;Zürich;2.224;Witikon;47,3613;8,5974
Erstvermietung von urbanen und hochwertigen Wohnungen;Apartment;66;Floor 1;2.5 rooms;Kügeliloostrasse 99;8046;Zürich;2.010;Affoltern;47,4222;8,5083
Traumhafte Attika-Wohnung in Wollishofen;Penthouse;203;Floor 4;5.5 rooms;Staubstrasse 28;8038;Zürich;7.360;Wollishofen;47,3416;8,5369
Zentral und doch ruhig wohnen;Apartment;79;Floor 6;3 rooms;Gutstrasse 161;8047;Zürich;1.870;Albisrieden;47,3739;8,487
Zentral gelegene moderne Wohnung mit Balkon;Apartment;39;Floor 2;1 room;Küngenmatt 48;8055;Zürich;1.385;Friesenberg;47,3642;8,4903
Gemütliche 1.5-Zimmer-Studiowohnung an ruhiger Lage mit Weitsicht;Studio;29;Floor 3;1.5 rooms;Hammerstrasse 77;8032;Zürich;1.720;Hirslanden;47,3667;8,5644
MÖBLIERT  TEMPORÄR: 1 ZI-WOHNUNG IN ZÜRICH - KREIS 11 OERLIKON;Furnished apartment;30;null;1 room;not-existing;8050;not-existing;1.313;Oerlikon;47,4119;8,5508
MÖBLIERT: WG-ZIMMER IN ZÜRICH - KREIS 8 SEEFELD/MÜHLEBACH;Furnished apartment;60;Floor 3;1 room;not-existing;8008;not-existing;1.375;Riesbach;47,3536;8,5614
MÖBLIERT  TEMPORÄR: 3½ ZIMMER-MAISONETTEWOHNUNG IN ZÜRICH - KREIS 6 OB;Furnished apartment;100;Floor 3;3.5 rooms;not-existing;8006;not-existing;2.813;Wipkingen;47,3858;8,5432
MÖBLIERT  TEMPORÄR: 1 ZI-WOHNUNG IN ZÜRICH - KREIS 11 AFFOLTERN;Furnished apartment;38;Floor 2;1 room;not-existing;8046;not-existing;1.680;Affoltern;47,4222;8,5083
Topmoderne Wohnung in ZH-Altstetten!;Apartment;85;Floor 1;3.5 rooms;Schneebelistrasse 1;8048;Zürich;2.835;Altstetten;47,3868;8,4839
WG-Zimmer im Kreis 3 Wiedikon;Room in shared accommodation;null;Floor 2;1 room;Austrasse;8045;Zürich;950;Alt-Wiedikon;47,3516;8,5057
Furnished room in Wipkingen  available immediately until 28th Febru...;Miscellaneous;null;null;1 room;not-existing;8037;not-existing;1.000;Wipkingen;47,3985;8,5243
WG-Zimmer;Miscellaneous;120;Floor 3;4.5 rooms;Stauffacherstrasse 31;8004;Zürich ZH;1.235;Aussersihl;47,378;8,5234
Gemütliches 1-Zimmerstudio im Herzen der Stadt Zürich;Apartment;20;Floor 5;1 room;Münsterhof 11;8001;Zürich;1.300;Altstadt;47,372;8,5413
Suite with lots of space new kitchen and bath room;Furnished apartment;null;Floor 1;2 rooms;Waffenplatzstrasse corner Bederstrasse;8002;Zürich;3.685;Enge;47,3606;8,5325
Charming fully equipped entire flat in pedestrian area and the hear...;Furnished apartment;null;null;null;Niederdorfstrasse;8001;Zürich;2.485;Altstadt;47,372;8,5413
2-Zimmer-Wohnung in Seniorenresidenz;Apartment;58;Floor 1;2 rooms;Sallenbachstrasse 29;8055;Zürich;3.950;Friesenberg;47,3642;8,4903
4 room apartment in Seebach with an affordable price;Apartment;85;Floor 3;4 rooms;Sandacker 8;8052;Zürich;1.930;Seebach;47,4245;8,5406
Wohnen am Stadtrand;Apartment;94;Ground floor;4 rooms;Birchstrasse 412;8052;Zürich;2.114;Seebach;47,4245;8,5406
Familienfreundlich mit Sitzplatz;Apartment;78;Ground floor;3.5 rooms;Auwiesenstrasse 47;8050;Zürich;1.795;Oerlikon;47,4119;8,5508
Top renovierte 3-Zi.Wohnung  Nähe Letzipark;Apartment;null;Floor 4;3 rooms;Freihofstrasse 40;8048;Zürich;1.820;Altstetten;47,3868;8,4839
Ruhiges Wohnen in der Stadt;Apartment;75;Ground floor;3.5 rooms;Meientalstrasse 69;8048;Zürich;1.950;Altstetten;47,3868;8,4839
Zentral gelegene  moderne Wohnung;Apartment;27;Floor 4;1 room;Jakob Füglistrasse 16;8048;Zürich;1.240;Altstetten;47,3868;8,4839
Gemütliche 2-Zimmerwohnung an ruhiger Lage;Apartment;40;Ground floor;2 rooms;Furkastrasse 14;8048;Zürich;1.275;Altstetten;47,3868;8,4839
Helle 1.5-Zimmerwohnung im freundlichen  grünen Albisrieden;Apartment;null;Floor 1;1.5 rooms;Langgrütstrasse 178;8047;Zürich;1.300;Albisrieden;47,3739;8,487
modernes wohnen in Zürich;Apartment;76;Floor 3;3.5 rooms;Bächlerstrasse 42;8046;Zürich;2.012;Affoltern;47,4222;8,5083
Helle  geräumige Jugendstilwohnung an Toplage (nahe Universität  ET...;Apartment;150;null;5 rooms;Voltastrasse 30;8044;Zürich;4.600;Hottingen;47,3806;8,5994
Gemütliche Wohnung mit Balkon in Zürich Wollishofen;Apartment;null;Floor 1;1 room;Dangelstrasse 25;8038;Zürich;1.000;Wollishofen;47,3416;8,5369
Wohntraum auf 2 Etagen im Kreis 7;Maisonette;128;Floor 4;4.5 rooms;Fehrenstrasse 6;8032;Zürich;4.695;Hirslanden;47,3667;8,5644
3.5 Zimmer-Wohnung mit Charakter;Penthouse;65;Floor 4;3.5 rooms;Fröbelstrasse 29;8032;Zürich;2.760;Hirslanden;47,3667;8,5644
Zentral gelegene Single - Wohnung;Apartment;28;Floor 4;1 room;Hottingerstrasse 33;8032;Zürich;1.411;Hirslanden;47,3667;8,5644
Dachwohnung im Central Lage/ Loft Apartment in Seefeld;Apartment;null;Floor 5;1.5 rooms;Geranienstrasse 14;8008;Zürich;1.840;Riesbach;47,3536;8,5614
Hübsche 1-Zimmer-Wohnung im Seefeld an ruhiger Lage;Apartment;30;Floor 1;1 room;Gärtnerstr. 14;8008;Zürich;1.440;Riesbach;47,3536;8,5614
Living in Zurich West;Apartment;96;Floor 11;null;Pfingstweidstrasse 94;8005;Zürich;2.810;Industriequartier;47,3868;8,5207
Helle 1.5-Zimmer-Wohnung (42 m2) mit Küche und separatem Bad  nähe ...;Apartment;42;Floor 2;1.5 rooms;Hellmutstrasse 8;8004;Zürich;1.470;Aussersihl;47,378;8,5234
Möblierte Altbauwohnung im Herzen Wiedikons zur Zwischenmiete 1-2 M...;Apartment;85;Floor 3;3.5 rooms;Zentralstrasse 34;8003;Zürich;3.000;Sihlfeld/Werd;47,3726;8,5161
Top ausgebaute 5-Zimmerwohnung an top Lage;Apartment;138;Floor 3;5 rooms;Genferstrasse 30;8002;Zürich;5.290;Enge;47,3606;8,5325
sehr zentrale  helle Wohnung mit Weitblick;Apartment;null;null;2 rooms;Seebahnstrasse 33;8003;Zürich;1.585;Sihlfeld/Werd;47,3726;8,5161
Ein Haus mit Geschichte  gelegen in 8057 Zürich!;Single-family house;110;null;5 rooms;Im Eisernen Zeit 50;8057;Zürich;4.300;Unter/Oberstrass;47,3999;8,5474
Das Leben leben wie es mir gefällt. DeinLabitzke.;Apartment;105;Ground floor;3.5 rooms;Albulastrasse 38;8048;Zürich;2.995;Altstetten;47,3868;8,4839
Modern und ruhig in der Stadt leben;Apartment;87;Ground floor;2.5 rooms;Letzigraben 136;8047;Zürich;2.460;Albisrieden;47,3739;8,487
Central 2 zimmer - Schafhauserplatz;Apartment;70;Floor 1;3 rooms;Schafhauserstrasse 5;8006;Zürich;2.550;Wipkingen;47,3858;8,5432
Zentrale Single-Wohnung im Kreis 6;Apartment;null;Floor 3;1 room;Universitätsstrasse 110;8006;Zürich;1.260;Wipkingen;47,3858;8,5432
HOTSPOT 2.5-Zimmer Attikawohnung im Kreis 5 verfügbar;Penthouse;null;null;2.5 rooms;not-existing;8005;not-existing;3.300;Industriequartier;47,3868;8,5207
Gemütliche 2-Zimmerwohnung im Zürich-Seefeld;Apartment;43;Floor 1;2 rooms;Zollikerstr. 269a;8008;Zürich;1.660;Riesbach;47,3536;8,5614
Singlewohnung an zentrale Lage!;Apartment;37;Floor 3;1.5 rooms;Im Altried 3g;8051;Zürich;1.145;Schwamendingen;47,3996;8,5788
Exklusive Stadtwohnung im Zürcher Seefeld;Apartment;117;Floor 5;4.5 rooms;Dufourstrasse 55;8008;Zürich;5.852;Riesbach;47,3536;8,5614
1 Zimmer möbl. Wohnobjekt;Furnished apartment;null;Floor 2;1 room;Schwamendingenstrasse 100;8050;Zürich ZH;1.040;Oerlikon;47,4119;8,5508
MÖBLIERT  TEMPORÄR: 1½ ZI-WOHNUNG IN ZÜRICH - KREIS 10 WIPKINGEN;Furnished apartment;48;Floor 3;1.5 rooms;not-existing;8037;not-existing;1.512;Wipkingen;47,3985;8,5243
Wohnung Nahe Hönggerberg;Apartment;30;Floor 2;1 room;Segantinisteig;8049;Zürich;1.050;Höngg;47,4087;8,5004
Mitbewohner für WG in der Turbinenstrasse gesucht!;Miscellaneous;null;null;1 room;not-existing;8005;not-existing;1.164;Industriequartier;47,3868;8,5207
WG-Zimmer in wunderschöner 3.5 Zimmer Altbauwohnung im Kreis 4(2er WG);Miscellaneous;null;null;1 room;not-existing;8004;not-existing;1.325;Aussersihl;47,378;8,5234
Zimmer in 2er WG im Kreis 3 ab Mitte März / Room in 2er flat share ...;Miscellaneous;null;null;1 room;not-existing;8045;not-existing;1.165;Alt-Wiedikon;47,3516;8,5057
WG-Zimmer in der Langstrasse ab Februar;Miscellaneous;null;null;1 room;not-existing;8004;not-existing;730;Aussersihl;47,378;8,5234
Einmalige Chance unweit von der Limmat;Apartment;42;Ground floor;1 room;Grossmannstrasse 30;8049;Zürich;1.270;Höngg;47,4087;8,5004
Ansprechende und helle Wohnung mit Sitzplatz;Apartment;50;Ground floor;2 rooms;Im Brächli 66;8053;Zürich;1.570;Witikon;47,3613;8,5974
Herzige Singlewohnung im schönen Witikon;Apartment;34;Floor 1;1.5 rooms;Im Brächli 58/60;8053;Zürich;1.210;Witikon;47,3613;8,5974
Angenehmes Wohnen an zentrumsnaher und idyllischer Wohnlage!;Apartment;57;Ground floor;3.5 rooms;Hohenklingenallee 3;8049;Zürich;2.150;Höngg;47,4087;8,5004
HÜBSCHE & HELLE 4-ZIMMERWOHNUNG MIT GERÄUMIGER GRUNDRISS!;Apartment;null;Floor 1;4 rooms;Luegislandstrasse 470;8051;Zürich;1.850;Schwamendingen;47,3996;8,5788
MÖBLIERT  TEMPORÄR: 2½ ZI-WOHNUNG IN ZÜRICH - KREIS 4 AUSSERSIHL;Furnished apartment;80;Floor 5;2.5 rooms;not-existing;8004;not-existing;2.688;Aussersihl;47,378;8,5234
1.5 room apartment for rent in Zürich Langstrasse (Kreis 4);Miscellaneous;null;null;1.5 rooms;not-existing;8004;not-existing;1.295;Aussersihl;47,378;8,5234
Moderne Wohnung sucht Sie!;Apartment;94;Floor 2;4.5 rooms;Limmatstrasse 123;8005;Zürich;3.225;Industriequartier;47,3868;8,5207
Loftartige Dachwohnung mit gemütlicher Terrasse;Attic apartment;100;null;2.5 rooms;Birmensdorferstrasse 387;8055;Zürich;2.650;Friesenberg;47,3642;8,4903
WG-Zimmer direkt am Limmatplatz;Room in shared accommodation;null;Floor 3;1 room;Limmatplatz;8005;Zürich;1.350;Industriequartier;47,3868;8,5207
Wohnateliers in renoviertem Fabrikgebäude an der Sihl;Loft;98;Floor 1;null;Lessingstrasse 11-17;8002;Zürich;2.677;Enge;47,3606;8,5325
Traumhafte Trendwohnung in grüner Umgebung;Apartment;null;Floor 1;2.5 rooms;Döltschiweg 39;8055;Zürich;2.190;Friesenberg;47,3642;8,4903
Ihr neues Zuhause mit grossem Balkon;Apartment;65;Floor 4;3 rooms;Felsenrainstrasse 27;8052;Zürich;1.810;Seebach;47,4245;8,5406
Helle  möblierte Wohnungen (1 5-3-Zimmer) im Kreis 12;Furnished apartment;60;null;2 rooms;Luegislandstrasse 364/366;8051;Zürich;1.880;Schwamendingen;47,3996;8,5788
Im Trendquartier Seefeld 2 Zimmer Wohnung  teilw. möbliert;Apartment;68;Floor 3;2.5 rooms;Lindenstrasse 38;8008;Zürich;2.480;Riesbach;47,3536;8,5614
Urbane Stadtwohnung;Apartment;103;Floor 6;2.5 rooms;Turbinenstrasse 22;8005;Zürich;3.350;Industriequartier;47,3868;8,5207
Wohnen an wunderschöner Lage!;Apartment;65;Floor 1;4 rooms;Regulastrasse 65;8046;Zürich;1.675;Affoltern;47,4222;8,5083
Topmoderne 3.5 Zimmer Wohnung Nähe USZ/ETH;Apartment;65;Floor 1;3.5 rooms;Schmelzbergstrasse;8044;Zürich;2.850;Hottingen;47,3806;8,5994
Wohnen in Zürich-Wollishofen;Apartment;71;Floor 1;3.5 rooms;Widmerstr. 15;8038;Zürich;2.150;Wollishofen;47,3416;8,5369
Moderne 4.5-Zimmerwohnung in Zürich-Seebach (Baujahr 2014);Apartment;112;Floor 2;4.5 rooms;Kosakenweg 31;8052;Zürich;2.790;Seebach;47,4245;8,5406
ZIMMER MIT EIGENEM BAD IM «THE LOFT» :-);Room in shared accommodation;null;null;1 room;Pflanzschulstrasse 34;8004;Zürich;1.530;Aussersihl;47,378;8,5234
WG-Zimmer an ruhiger Lage in Neu-Oerlikon;Room in shared accommodation;12;null;1 room;Neunbrunnenstrasse 152;8046;Zürich;675;Affoltern;47,4222;8,5083
WG-Zimmer an ruhiger Lage in Neu-Oerlikon;Room in shared accommodation;11;null;1 room;Neunbrunnenstrasse 152;8046;Zürich;625;Affoltern;47,4222;8,5083
Helle und grosszügige 1-Zimmerwohnung im Kreis 11;Apartment;37;Floor 1;1 room;Greifenseestrasse 39;8050;Zürich;1.076;Oerlikon;47,4119;8,5508
2.5-Zimmerwohnung im Hochparterre mit Balkon;Apartment;56;Ground floor;2.5 rooms;Dangelstrasse 19;8038;Zürich;1.760;Wollishofen;47,3416;8,5369
Helle und grosszügige 2-Zimmerwohnung im Kreis 11;Apartment;55;Floor 2;2 rooms;Greifenseestrasse 39;8050;Zürich;1.620;Oerlikon;47,4119;8,5508
Schöne 2.5 Zimmer Wohnung nähe Werdinsel;Apartment;64;Floor 6;2.5 rooms;Meierwiesenstrasse 58;8064;Zürich;1.775;nan;47,3987;8,4852
Schöne Altbauwohung mit Balkon und Lift;Apartment;70;Floor 1;3 rooms;Rötelstrasse 106;8057;Zürich;2.000;Unter/Oberstrass;47,3999;8,5474
3 1/2- Zimmerwohnung in Zürich Seebach zu vermieten;Apartment;null;Floor 2;3.5 rooms;Frohbühlstrasse 4;8052;Zürich;1.910;Seebach;47,4245;8,5406
HEIMELIGE DACHWOHNUNG;Attic apartment;70;Floor 3;2.5 rooms;Höhenring 8;8052;Zürich;1.650;Seebach;47,4245;8,5406
Attraktive  1.5-Wohnung an bevorzugter Lage;Apartment;29;null;1.5 rooms;Birchstrasse 255;8052;Zürich;1.190;Seebach;47,4245;8,5406
Schöne 3-Zimmer-Wohnung an zentraler Lage;Apartment;62;Floor 4;3 rooms;Jungholzstrasse 34;8050;Zürich;1.885;Oerlikon;47,4119;8,5508
Studio flat in Oerlikon;Studio;null;Floor 2;1.5 rooms;Gubelstrasse 41;8050;Zürich;1.385;Oerlikon;47,4119;8,5508
Günstige zentrale Wohnung beim Sternen-Örlikon;Apartment;26;Floor 4;1 room;Tramstrasse 17;8050;Zürich;1.250;Oerlikon;47,4119;8,5508
Grosszügige  helle Wohnung mit toller Aussicht über Zürich;Apartment;130;Floor 2;4.5 rooms;Im oberen Boden 130;8049;Zürich;2.978;Höngg;47,4087;8,5004
Schöne renovierte Altbauwohnung;Apartment;75;Floor 4;3 rooms;Grundstrasse 4;8048;Zürich;1.830;Altstetten;47,3868;8,4839
Ruhige  grosszügige Wohnung mit Eigentumsstandard am Zürichberg zu ...;Apartment;135;Ground floor;3 rooms;Attenhoferstrasse 12;8032;Zürich;4.680;Hirslanden;47,3667;8,5644
Penthouse Wohnung auf 2 Etagen per 1.4.2019 im Züricher Seefeld zu ...;Penthouse;null;Floor 5;4 rooms;Riesbachstrasse;8008;Zürich;3.500;Riesbach;47,3536;8,5614
Adlerhorst - ruhig  sonnig  gemütlich  mit unverbaubarer Aussicht;Attic apartment;63;Floor 2;2.5 rooms;Hadlaubstrasse 123;8006;Zürich;2.450;Wipkingen;47,3858;8,5432
Sehr helle 3 5 Zimmer Luxuswohnung direkt an der Tram;Apartment;120;Floor 14;null;Pfingstweidstrasse 98;8005;Zürich;4.000;Industriequartier;47,3868;8,5207
Terrassenwohnung mitten in Zürich West;Apartment;80;Floor 5;2.5 rooms;Förrlibuckstrasse 189;8005;Zürich;3.350;Industriequartier;47,3868;8,5207
Erstvermietung im Trendquartier Kreis 5;Apartment;80;Floor 2;2.5 rooms;Hafnerstrasse 24;8005;Zürich;3.710;Industriequartier;47,3868;8,5207
Zentrale 3 ½-Zimmer-Dachwohnung (100m2) in einer Büroliegenschaft;Attic apartment;100;Floor 4;3.5 rooms;Konradstrasse 61;8005;Zürich;2.900;Industriequartier;47,3868;8,5207
3.5-Zimmerwohnung im Herzen der Stadt Zürich!;Apartment;75;Floor 4;3.5 rooms;Zwinglistrasse 3;8004;Zürich;1.740;Aussersihl;47,378;8,5234
Die schönste Dachterrasse in Zürich;Apartment;75;Floor 5;2.5 rooms;Zurlindenstrasse 229;8003;Zürich;2.990;Sihlfeld/Werd;47,3726;8,5161
Schöne 1.5Z Wohnung mit Kamin und Parkett;Apartment;46;Floor 1;1.5 rooms;Bellariastr. 12;8002;Zürich;1.750;Enge;47,3606;8,5325
Modern but charming - fully furnished and serviced 2BR apartment - ...;Furnished apartment;80;Floor 4;3.5 rooms;Untere Zäune;8001;Zürich;5.390;Altstadt;47,372;8,5413
Einzigartiges Haus in der Stadt Zürich  mitten in der Natur  ruhig ...;Single-family house;110;null;5 rooms;Hungerbergstrasse 91;8046;Zürich;3.276;Affoltern;47,4222;8,5083
1-ZWG im 1. OG  Friedhofstr. 49  8048 Zürich;Apartment;30;Floor 1;1 room;Friedhofstrasse 49;8048;Zürich;1.045;Altstetten;47,3868;8,4839
Ihr neues Zuhause in der City!;Apartment;60;Floor 3;2.5 rooms;Kelchweg 3;8048;Zürich;2.140;Altstetten;47,3868;8,4839
2 ZI-WOHNUNG IN ZÜRICH - KREIS 3 TRIEMLI  MÖBLIERT  TEMPORÄR;Furnished apartment;40;Floor 1;2 rooms;not-existing;8055;not-existing;888;Friesenberg;47,3642;8,4903
2-Zimmerwohnung Nähe Sihlcity;Apartment;67;Floor 4;2 rooms;Edenstrasse 9;8045;Zürich;2.090;Alt-Wiedikon;47,3516;8,5057
WG Zimmer in Dreier WG;Room in shared accommodation;null;null;1 room;Beckhammer 7;8057;Zürich;950;Unter/Oberstrass;47,3999;8,5474
Ruhige und zentrale Lage;Apartment;76;Floor 1;3.5 rooms;Bachtobelstrasse 85 87;8045;Zürich;2.005;Alt-Wiedikon;47,3516;8,5057
Hübsche Wohnung in Albisrieden zu vermieten;Apartment;63;Ground floor;2.5 rooms;Bachwiesenstr. 119;8047;Zürich;1.530;Albisrieden;47,3739;8,487
Wohnen in gepflegter Umgebung beim Letzigrund;Apartment;70;Ground floor;3.5 rooms;Baslerstrasse 33;8048;Zürich;1.945;Altstetten;47,3868;8,4839
Attraktive sonnige und ruhige 2-Zimmerwohnung mit Parkett  8008 Zürich;Furnished apartment;60;Floor 2;2 rooms;not-existing;8008;not-existing;2.460;Riesbach;47,3536;8,5614
MÖBLIERT  TEMPORÄR: 1½ ZI-WOHNUNG IN ZÜRICH - KREIS 8 SEEFELD/MÜHLEBAC;Furnished apartment;34;Floor 3;1.5 rooms;not-existing;8008;not-existing;1.750;Riesbach;47,3536;8,5614
MÖBLIERT  TEMPORÄR: 2½ ZI-WOHNUNG IN ZÜRICH - KREIS 9 ALBISRIEDEN;Furnished apartment;75;Floor 4;2.5 rooms;not-existing;8047;not-existing;2.100;Albisrieden;47,3739;8,487
3.5 Zimmer Wohnung zur Untermiete für Februar/März;Apartment;null;null;3.5 rooms;not-existing;8002;not-existing;2.850;Enge;47,3606;8,5325
Helle 3-Zimmer Wohnung am Zürichberg;Apartment;93;Ground floor;3 rooms;Ackermannstrasse 21;8044;Zürich;2.936;Hottingen;47,3806;8,5994
Kreis 1 Wohnung zur Zwischenmiete;Apartment;null;null;2.5 rooms;not-existing;8001;not-existing;2.250;Altstadt;47,372;8,5413
Gemütliche & helle 2 2/1 Zimmer Wohnung im Herzen Zürichs mit Optio...;Apartment;null;null;2.5 rooms;not-existing;8004;not-existing;1.950;Aussersihl;47,378;8,5234
Schöne 3.5 Zimmer-Wohnung in der Nähe Kirche Fluntern;Apartment;82;Ground floor;3.5 rooms;Kraftstr. 15;8044;Zürich;2.295;Hottingen;47,3806;8,5994
Luxus Loft auf zwei Etagen;Loft;179;Floor 12;null;Albulastr. 60;8048;Zürich;4.895;Altstetten;47,3868;8,4839
Wohnen in gepflegter Umgebung beim Letzigrund;Apartment;70;null;3.5 rooms;Baslerstrasse 33;8048;Zürich;1.945;Altstetten;47,3868;8,4839
Zimmer in zweier-WG;Miscellaneous;null;null;1 room;not-existing;8048;not-existing;1.343;Altstetten;47,3868;8,4839
WG-Zimmer 20qm per sofort oder nach Vereinbarung im Kreis 4;Miscellaneous;null;null;1 room;not-existing;8004;not-existing;1.315;Aussersihl;47,378;8,5234
1 Zimmer auf dem Hunzikerareal frei ab März  nach Absprache auch fr...;Miscellaneous;null;null;1 room;not-existing;8050;not-existing;650;Oerlikon;47,4119;8,5508
*BEGEHRTE CITY-WOHNUNG* - SMARTE 1-ZIMMER WOHNUNG IN ZÜRICH-ALTSTETTEN;Apartment;45;Basement;1 room;Sustenstrasse 20;8048;Zürich;1.490;Altstetten;47,3868;8,4839
An ruhiger und sonniger Lage;Apartment;64;Ground floor;2.5 rooms;Eugen-Huber-Strasse 158;8048;Zürich;1.715;Altstetten;47,3868;8,4839
Grosse 3½-Zr. Patrizierwohnung in der Zürcher Altstadt;Apartment;142;Floor 2;3.5 rooms;Neumarkt 6;8001;Zürich;4.480;Altstadt;47,372;8,5413
1.5-Zimmerwohnung in Wiedikon;Apartment;45;Floor 1;1.5 rooms;Birmensdorferstrasse 261;8055;Zürich;1.910;Friesenberg;47,3642;8,4903
MÖBLIERT  TEMPORÄR: 3½ ZI-WOHNUNG IN ZÜRICH - KREIS 3;Furnished apartment;100;Floor 5;3.5 rooms;not-existing;8045;not-existing;3.625;Alt-Wiedikon;47,3516;8,5057
1.5 Zimmer möbl. Wohnobjekt;Furnished apartment;33;Ground floor;1.5 rooms;Dorfstrasse 1;8037;Zürich ZH;600;Wipkingen;47,3985;8,5243
Wohnen in Zürich Wiedikon (befristet);Apartment;null;null;2 rooms;not-existing;8003;not-existing;1.620;Sihlfeld/Werd;47,3726;8,5161
2.5-Zimmer-Wohnung Nähe Schwamendingerplatz;Apartment;58;Ground floor;2.5 rooms;Heerenwiesen 24;8051;Zürich;1.350;Schwamendingen;47,3996;8,5788
4-Zimmer-Wohnung Nähe Schwamendingerplatz;Apartment;80;Ground floor;4 rooms;Heerenwiesen 24;8051;Zürich;1.700;Schwamendingen;47,3996;8,5788
Helles Studioim Seefeld  für 12 Monate;Apartment;30;null;1 room;Feilengasse 3;8008;Zürich;900;Riesbach;47,3536;8,5614
Mitbewohner/in gesucht! Direkt am Albisriederplatz.;Miscellaneous;null;null;3 rooms;not-existing;8004;not-existing;800;Aussersihl;47,378;8,5234
Furnished Single room for rent short term;Miscellaneous;null;null;3.5 rooms;not-existing;8045;not-existing;1.485;Alt-Wiedikon;47,3516;8,5057
Mitbewohner wurde gesucht;Miscellaneous;null;null;4 rooms;not-existing;8057;not-existing;1.100;Unter/Oberstrass;47,3999;8,5474
Schönes  möbliertes WG-Zimmer für Februar und März;Apartment;null;null;null;not-existing;8057;not-existing;550;Unter/Oberstrass;47,3999;8,5474
Charmante 3.5 Zimmer-Wohnung zum Übernehmen;Apartment;null;null;3.5 rooms;Birchstrasse 14a;8057;Zürich;2.050;Unter/Oberstrass;47,3999;8,5474
Eine Wohnung  ein Traum - mit viel Privatsphäre;Apartment;null;Ground floor;5.5 rooms;Jupiterstrasse 5;8032;Zürich;4.570;Hirslanden;47,3667;8,5644
N-JOY das Wohnen über den Dächern von Zürich-Affoltern;Apartment;150;null;null;Michael-Maggi-Strasse 1;8046;Zürich;3.600;Affoltern;47,4222;8,5083
Location Appartement A Proximité Du Centre Ville De Zurich;Apartment;45;Floor 1;2.5 rooms;Rotachstrasse  14;8003;Zürich ZH;2.402;Sihlfeld/Werd;47,3726;8,5161
WG-Zimmer im Hardtrumpark (per 1.4.2019 unbefristet/befristet);Room in shared accommodation;18;Floor 2;1 room;Förrlibuckstrasse 223;8005;Zürich;1.500;Industriequartier;47,3868;8,5207
Studentinnenhaus Sonnegg;Room in shared accommodation;null;null;1 room;Scheuchzerstrasse  27;8006;Zürich;1.150;Wipkingen;47,3858;8,5432
(Kreis 8/Bellevue) 15 6m2 bedroom in a 2 floors apartment in Seefeld;Apartment;null;null;1 room;not-existing;8008;not-existing;960;Riesbach;47,3536;8,5614
MÖBLIERT  TEMPORÄR: 1½ ZI-WOHNUNG IN ZÜRICH - KREIS 10 WIPKINGEN;Furnished apartment;33;null;1.5 rooms;not-existing;8037;not-existing;2.160;Wipkingen;47,3985;8,5243
Zimmer in 3er WG ab 01.02.19;Room in shared accommodation;16;Floor 2;1 room;Beckhammer;8057;Zürich;1.217;Unter/Oberstrass;47,3999;8,5474
Lieblingswohnung;Apartment;null;null;2.5 rooms;not-existing;8057;not-existing;2.350;Unter/Oberstrass;47,3999;8,5474
Charming 2.5 -Room apartment to sublet!;Miscellaneous;null;null;2.5 rooms;not-existing;8004;not-existing;2.240;Aussersihl;47,378;8,5234
Wonderful room in spaceous shared appartment to rent during March a...;Miscellaneous;null;null;1 room;not-existing;8052;not-existing;930;Seebach;47,4245;8,5406
WG-Zimmer an ruhiger Lage in Neu-Oerlikon;Miscellaneous;null;null;1 room;not-existing;8050;not-existing;625;Oerlikon;47,4119;8,5508
WG-Zimmmer an ruhiger Lage in Neu-Oerlikon;Miscellaneous;null;null;1 room;not-existing;8050;not-existing;675;Oerlikon;47,4119;8,5508
WG-Zimmer nähe Oerlikon / Room in a shared flat near Oerlikon;Miscellaneous;null;null;1 room;not-existing;8050;not-existing;626;Oerlikon;47,4119;8,5508
Zimmer in 3er WG beim Berninaplatz;Miscellaneous;null;null;1 room;not-existing;8057;not-existing;745;Unter/Oberstrass;47,3999;8,5474
Sonnige Herzenswohnung im Seefeld zu vermieten;Apartment;76;null;2.5 rooms;Zollikerstrasse 149;8008;Zürich;2.100;Riesbach;47,3536;8,5614
Ruhige  zentrale WG in kurzer Gehdistanz von USZ  Uni  ETH Zentrum ...;Room in shared accommodation;null;null;4 rooms;Clausiusstrasse;8006;Zürich;1.300;Wipkingen;47,3858;8,5432
Urban life style in Wiedikon with panorma view  own bathroom and lo...;Room in shared accommodation;12;null;1 room;Badenerstrasse 415;8048;Zürich;1.760;Altstetten;47,3868;8,4839
Furnished 2 room apartment with free Wi-Fi and separate kitchen;Furnished apartment;45;Floor 2;1 room;Kalkbreitestr. 129;8003;Zürich;1.990;Sihlfeld/Werd;47,3726;8,5161
Schöne 2.5-Zimmerwohnung beim Schaffhauserplatz per 1. April 2019;Apartment;55;Floor 3;2.5 rooms;Schaffhauserstrasse 74;8057;Zürich;1.790;Unter/Oberstrass;47,3999;8,5474
Totalsaniert und topmodern  mitten in Zürich;Maisonette;126;Floor 4;4.5 rooms;Schaffhauserstrasse 465;8052;Zürich;3.380;Seebach;47,4245;8,5406
3-Zimmerwohnung im Dachgeschoss in Seebach;Apartment;66;Floor 3;3 rooms;Glatttalstrasse 138;8052;Zürich;1.625;Seebach;47,4245;8,5406
Grossräumige Singlewohnung im Herzen von Oerlikon;Apartment;62;Floor 4;2.5 rooms;Nansenstrasse 21;8050;Zürich;1.723;Oerlikon;47,4119;8,5508
schöne Wohnung mit 2 Balkonen an Einzelperson;Apartment;60;Floor 2;2.5 rooms;nahe Giesshübel;8045;Zürich;1.700;Alt-Wiedikon;47,3516;8,5057
Moderne Attikawohnung mit Weitsicht  am Stadtrand von Zürich (Nähe ...;Penthouse;161;Floor 2;5.5 rooms;Im Langwil 2;8044;Zürich;4.985;Hottingen;47,3806;8,5994
ZÜRICHBERG SUITE  Charmantes Business-Appartement an bester Lage;Apartment;32;Ground floor;1 room;Susenbergstrasse 62;8044;Zürich;1.800;Hottingen;47,3806;8,5994
Wohnhaus Schlösslistrasse 2  8044 Zürich;Apartment;54;Ground floor;2 rooms;Schlösslistrasse 2;8044;Zürich;2.170;Hottingen;47,3806;8,5994
Charmante und komplett sanierte 3-Zimmer-Altbauwohnung in Zürich-Wo...;Apartment;70;Floor 2;3 rooms;Albisstrasse 121;8038;Zürich;2.170;Wollishofen;47,3416;8,5369
Mittendrin mit einer Seebrise;Apartment;null;Ground floor;3 rooms;Lettenholzstrasse 3;8038;Zürich;1.580;Wollishofen;47,3416;8,5369
Wohnen am Fluss? Moderne 4.5 Zimmerwohnung an einmaliger Lage;Apartment;114;Floor 3;4.5 rooms;Hönggerstrasse 45;8037;Zürich;4.250;Wipkingen;47,3985;8,5243
Elegante Stadtwohnung;Apartment;120;Floor 2;3.5 rooms;Nordstrasse 190;8037;Zürich;3.380;Wipkingen;47,3985;8,5243
3.5-Zimmer-Wohnung im Schotterbeck-Areal mit Panorama View;Apartment;87;Floor 9;3.5 rooms;Badenerstrasse 415;8003;Zürich;3.590;Sihlfeld/Werd;47,3726;8,5161
"Attraktive 4-Zi. Duplex-Dachwohnung  Zürich-Enge ""befristet""";Maisonette;null;Floor 3;4 rooms;Waffenplatzstrasse 70;8002;Zürich;2.980;Enge;47,3606;8,5325
Bright apartment near Rigiblick for subtenancy (10-11 months);Apartment;null;null;2.5 rooms;not-existing;8044;not-existing;1.700;Hottingen;47,3806;8,5994
Möb. 2.5 Zimmer Wohnung in Zürich  Kreis 9  Altstetten  befristet b...;Apartment;null;null;2.5 rooms;not-existing;8048;not-existing;1.800;Altstetten;47,3868;8,4839
City ZENTRUM - Ruhig - Sonnig - GARTEN - BALKON - HOBBYRAUM + ev.Ga...;Apartment;60;Floor 1;2.5 rooms;Rotbuchstrasse;8006;Zürich;2.500;Wipkingen;47,3858;8,5432
WG-ZIMMER IN ZÜRICH - KREIS 9 ALTSTETTEN  MÖBLIERT  TEMPORÄR;Miscellaneous;null;null;1 room;not-existing;8048;not-existing;1.400;Altstetten;47,3868;8,4839
WG-Zimmer zur untermiete vom 28.02.2019-6.06.2019;Miscellaneous;null;null;1 room;not-existing;8037;not-existing;1.000;Wipkingen;47,3985;8,5243
WG (Shared flat!) im Neubau mit Panoramasicht;Room in shared accommodation;82;Floor 9;3 rooms;Badenerstrasse 415;8048;Zürich;1.760;Altstetten;47,3868;8,4839
Schöne  ruhige  möblierte Wohnung in der Enge für 6 Monate (März bi...;Apartment;null;null;5 rooms;not-existing;8002;not-existing;3.500;Enge;47,3606;8,5325
STADTNAH MIT VIELEN EXTRAS;Apartment;40;Floor 1;2 rooms;not-existing;8046;not-existing;1.890;Affoltern;47,4222;8,5083
Möbliertes WG-Zimmer in grosszügiger Wohnung zu vermieten.;Miscellaneous;null;null;3.5 rooms;not-existing;8003;not-existing;1.350;Sihlfeld/Werd;47,3726;8,5161
Möbl. WG-Zimmer in 4.5-Zi-Whg  in Stadt Zürich zur Untermiete ab 01...;Miscellaneous;null;null;4.5 rooms;not-existing;8037;not-existing;1.000;Wipkingen;47,3985;8,5243
For February 2019 nice furnished 3-room apartment with two bedrooms;Miscellaneous;null;null;3 rooms;not-existing;8047;not-existing;1.790;Albisrieden;47,3739;8,487
Ruhige Lage - frisch renoviert;Apartment;110;Floor 1;5 rooms;Am Oeschbrig 15;8053;Zürich;2.500;Witikon;47,3613;8,5974
schöne helle und grosse Wohnung mit super Anbindung;Room in shared accommodation;25;Floor 3;1 room;Schaffhauserstrasse 466;8052;Zürich;1.165;Seebach;47,4245;8,5406
WG Zimmer Zürich 8005 01.03.2019 - 30.06.2019;Room in shared accommodation;14;null;1 room;Ackerstrasse 7;8005;Zürich;600;Industriequartier;47,3868;8,5207
Nähe Zürichsee  mit Gartensitzplatz;Apartment;56;null;3 rooms;Balberstrasse 74;8038;Zürich;1.690;Wollishofen;47,3416;8,5369
Own floor in centrally located modern penthouse apartment near HB;Room in shared accommodation;210;Floor 4;1 room;Universitätstrasse;8006;Zürich;2.200;Wipkingen;47,3858;8,5432
Charmante Wohnung in Zürich-Wollishofen;Apartment;67;Ground floor;2.5 rooms;Moosstrasse 39;8038;Zürich;1.550;Wollishofen;47,3416;8,5369
Grosszügige 3-Zimmer in Höngg;Apartment;70;Floor 1;3 rooms;Regensdorferstrasse 63;8049;Zürich;1.836;Höngg;47,4087;8,5004
4-ZWG direkt beim Bahnhof Altstetten;Apartment;65;Floor 3;4 rooms;Saumackerstrasse 24;8048;Zürich;1.695;Altstetten;47,3868;8,4839
Wohnen direkt an der Limmat!;Apartment;65;Floor 1;1.5 rooms;Winzerhalde 101;8049;Zürich;2.035;Höngg;47,4087;8,5004
Wohenn direkt an der Limmat!;Apartment;70;Ground floor;2.5 rooms;Winzerhalde 99;8049;Zürich;2.287;Höngg;47,4087;8,5004
grosszügige und helle 2 1/2- Zimmerwohnung in Zürich-Seebach;Apartment;75;Floor 2;2.5 rooms;Frohbühlstrasse 4;8052;Zürich;1.590;Seebach;47,4245;8,5406
Grosszügige und helle Wohnung mit grossem Balkon;Apartment;55;Floor 1;2.5 rooms;Stiglenstrasse 39;8052;Zürich;1.340;Seebach;47,4245;8,5406
3-Zimmerwohnung an zentraler Lage in Oerlikon zu vermieten;Apartment;65;Ground floor;3 rooms;Salerstrasse 15;8050;Zürich;1.700;Oerlikon;47,4119;8,5508
gemütliche 2.5-Zimmerwohnung mit Balkon;Apartment;null;Floor 1;2.5 rooms;Regensbergstrasse 84;8050;Zürich;1.450;Oerlikon;47,4119;8,5508
Gemütliches Wohnen an zentraler Lage in Oerlikon;Apartment;14;Basement;1 room;Hofwiesenstrasse 273;8050;Zürich;1.190;Oerlikon;47,4119;8,5508
4-Zimmer-Altbauwohnung befristet bis 30.09.2019;Apartment;null;null;4 rooms;Scheffelstrasse 20;8037;Zurich;1.447;Wipkingen;47,3985;8,5243
Altbaucharme trifft Moderne mit 70m2 Privat-Terrasse;Apartment;130;Ground floor;4.5 rooms;Bolleystrasse;8006;Zürich;4.600;Wipkingen;47,3858;8,5432
160m2 Dachwohnung mit 2 Terrassen in Jugendstilhaus;Attic apartment;160;Floor 5;4.5 rooms;Lindenbachstrasse 35;8006;Zürich;3.895;Wipkingen;47,3858;8,5432
Attraktive und zentrale 3.5-ZW mit zwei Balkonen;Apartment;80;Floor 3;3.5 rooms;Herdernstrasse 12;8004;Zürich;2.150;Aussersihl;47,378;8,5234
Erstvermietung eines Schmuckstücks;Apartment;70;Floor 3;3.5 rooms;Ämtlerstrasse 74;8003;Zürich;2.900;Sihlfeld/Werd;47,3726;8,5161
Single-Wohnung;Apartment;18;Floor 3;1 room;Wuhrstrasse 23;8003;Zürich;1.030;Sihlfeld/Werd;47,3726;8,5161
Stadtwohnung an bester Lage;Apartment;130;Floor 3;4.5 rooms;Richard Wagner-Strasse 26;8002;Zürich;4.500;Enge;47,3606;8,5325
Altstadtwohnung mit Garten;Apartment;null;null;3.5 rooms;Münstergasse 9;8001;Zürich;3.710;Altstadt;47,372;8,5413
Schöne 3-Zimmer Wohnung zur Untermiete;Furnished apartment;54;Floor 1;3 rooms;Hildastrasse 11;8004;Zürich;2.100;Aussersihl;47,378;8,5234
ZIMMER MIT EIGENEM BAD IM «THE LOFT» -);Loft;null;null;1 room;not-existing;8004;not-existing;1.530;Aussersihl;47,378;8,5234
AMAZINGLY FURNISHED & BRIGHT STUDIO APARTMENT FOR RENT;Apartment;null;null;1 room;not-existing;8001;not-existing;1.150;Altstadt;47,372;8,5413
Tolle grosse Wohnung im Triemli ab SOFORT;Apartment;null;null;3.5 rooms;not-existing;8055;not-existing;2.440;Friesenberg;47,3642;8,4903
Grosse schöne DG-Maisonette mit Sonnenterrasse  Seeblick und A/C  2...;Apartment;110;Floor 4;4.5 rooms;Münchhaldenstrasse 7;8008;Zürich;4.300;Riesbach;47,3536;8,5614
Nähe Zürichsee  mit Gartensitzplatz;Apartment;56;null;3 rooms;not-existing;8038;not-existing;1.690;Wollishofen;47,3416;8,5369
Günstig wohnen in Zürich Schwamendingen!;Apartment;67;Ground floor;3 rooms;Altwiesenstrasse 142;8051;Zürich;1.151;Schwamendingen;47,3996;8,5788
Furnished room with private balcony in Seefeld!;Miscellaneous;null;null;1 room;not-existing;8008;not-existing;1.175;Riesbach;47,3536;8,5614
Schöne 4.0 Zimmerwohnung in Zürich;Apartment;82;Floor 1;4 rooms;Leimbachstrasse 34;8041;Zürich;1.955;Leimbach;47,3361;8,5156
Idaplatz - WG-Zimmer;Miscellaneous;null;null;1 room;not-existing;8003;not-existing;920;Sihlfeld/Werd;47,3726;8,5161
Attraktive Wohnung mit Traumsicht am Hönggerberg;Apartment;108;Floor 1;4.5 rooms;Kürbergsteig 6;8049;Zürich;3.870;Höngg;47,4087;8,5004
Charmante 2.5- Maisonette- Wohnung im lebendigen Kreis 4 für 6 Monaten;Maisonette;null;null;2.5 rooms;not-existing;8004;not-existing;1.900;Aussersihl;47,378;8,5234
Wir suchen eine*n Mitbewohner*in für unsere 3er WG Nähe Hegibachplatz;Miscellaneous;null;null;1 room;not-existing;8008;not-existing;986;Riesbach;47,3536;8,5614
Modernes WG-Zimmer;Miscellaneous;null;null;1 room;not-existing;8047;not-existing;1.050;Albisrieden;47,3739;8,487
auch als WG;Room in shared accommodation;110;Floor 2;4.5 rooms;Auhofstrasse 2;8051;Zürich;2.580;Schwamendingen;47,3996;8,5788
Ruhige 1 1/2 Zi whg im Englischviertel;Apartment;null;null;1.5 rooms;not-existing;8032;not-existing;1.718;Hirslanden;47,3667;8,5644
Tolles möbliertes Studio zur Untermiete Kreis 4 von 15.02-16.03 ode...;Studio;null;null;1.5 rooms;not-existing;8004;not-existing;1.200;Aussersihl;47,378;8,5234
Grosszügige und moderne 3.5-Zi-Maisonette-Wohnung mit grosser Dacht...;Maisonette;108;null;3.5 rooms;Forchstrasse 150;8032;Zürich;4.220;Hirslanden;47,3667;8,5644
WG-Zimmer in 3er WG  Wiedikon  780.-;Miscellaneous;null;null;4.5 rooms;not-existing;8045;not-existing;780;Alt-Wiedikon;47,3516;8,5057
FLAT FOR RENT FOR 3 MONTHS (MARS  APRIL  MAY);Miscellaneous;null;null;3 rooms;not-existing;8045;not-existing;2.500;Alt-Wiedikon;47,3516;8,5057
Erstvermietung - Perfekt für Ihre Familie!;Apartment;116;Ground floor;4.5 rooms;Im Glockenacker 25;8053;Zürich;3.370;Witikon;47,3613;8,5974
Erstvermietung - Einzigartig gemütlich!;Apartment;78;Ground floor;2.5 rooms;Im Glockenacker 21;8053;Zürich;2.420;Witikon;47,3613;8,5974
MÖBLIERT  TEMPORÄR: SERVICED-APARTMENT IN ZÜRICH - KREIS 3 WIEDIKON;Furnished apartment;55;null;2 rooms;not-existing;8003;not-existing;2.700;Sihlfeld/Werd;47,3726;8,5161
MÖBLIERT  TEMPORÄR: 3 ZI-WOHNUNG IN ZÜRICH - KREIS 3 WIEDIKON;Furnished apartment;77;null;3 rooms;not-existing;8003;not-existing;3.840;Sihlfeld/Werd;47,3726;8,5161
Wohne dort wo Zürich lebt;Apartment;65;null;3 rooms;Zinistrasse 7;8004;Zürich;2.200;Aussersihl;47,378;8,5234
Wohnung im meditteranen Stil;Apartment;null;Ground floor;2.5 rooms;Altstetterstr. 223;8048;Zürich;1.710;Altstetten;47,3868;8,4839
Top 2-Zimmerwohnung nähe Seebacherplatz;Apartment;46;Floor 1;2 rooms;Mattackerstrasse 2;8052;Zürich;1.575;Seebach;47,4245;8,5406
MÖBLIERT: 2 ZI-WOHNUNG IN ZÜRICH - KREIS 8 SEEFELD/MÜHLEBACH;Furnished apartment;39;null;2 rooms;not-existing;8008;not-existing;2.490;Riesbach;47,3536;8,5614
Günstige 1.5-Zimmerwohnung nähe Kreuzplatz;Apartment;25;Floor 4;1.5 rooms;Neptunstrasse 59;8032;Zürich;1.390;Hirslanden;47,3667;8,5644
Schönes Zimmer in sehr zentraler 2er WG;Room in shared accommodation;17;Floor 2;1 room;Kinkelstrasse 24;8006;Zürich;1.250;Wipkingen;47,3858;8,5432
Furnished Room in Cosy Flat - From 1st of March till 31st May 2019;Miscellaneous;null;null;3.5 rooms;not-existing;8004;not-existing;900;Aussersihl;47,378;8,5234
moderne Maisonettewohnung mit exklusiver Dachterrasse;Penthouse;215;Floor 5;5.5 rooms;Seestrasse 82;8002;Zürich;5.200;Enge;47,3606;8,5325
Renovierte Wohnung an bevorzugter Wohnlage;Apartment;null;Floor 4;2.5 rooms;Fellenbergstrasse 166;8047;Zürich;1.880;Albisrieden;47,3739;8,487
WG-Zimmer mit anliegendem Bad mit Dusche (nur für dich).;Room in shared accommodation;15;null;4 rooms;Asylstrasse  133;8032;Zürich;1.550;Hirslanden;47,3667;8,5644
Möbliertes Zimmer am Limmatplatz;Room in shared accommodation;15;null;3 rooms;Motorenstrasse 21;8005;Zürich;650;Industriequartier;47,3868;8,5207
Loftartige Erdgeschoss-Wohnung mit Sitzplatz;Apartment;96;Ground floor;3.5 rooms;Mühlackerstrasse 106;8046;Zürich;2.040;Affoltern;47,4222;8,5083
renovierte ruhige 1-Zimmerwohnung in Albisrieden;Apartment;30;Floor 2;1 room;Wydäckerring 66;8047;Zürich;1.195;Albisrieden;47,3739;8,487
Urbane Wohnung mit Weitsicht!;Apartment;63;Floor 6;2.5 rooms;Bachmattstrasse 59;8048;Zürich;2.020;Altstetten;47,3868;8,4839
moderne Stadt-Wohnung an ruhiger Wohnlage;Apartment;75;Ground floor;3 rooms;Greifenseestrasse 51;8050;Zürich;1.890;Oerlikon;47,4119;8,5508
Ab 1.Mai 2019 Nachmieter gesucht;Apartment;105;Ground floor;4.5 rooms;Wiesliacher;8053;Zürich;2.224;Witikon;47,3613;8,5974
Möbliertes Einzelzimmer / furnished single room;Furnished apartment;16;Floor 4;1 room;Badenerstrasse 425;8003;Zürich;900;Sihlfeld/Werd;47,3726;8,5161
möbliertes Zimmer in Oerlikon;Room in shared accommodation;null;null;1 room;Berninastrasse 89;8057;Zürich;950;Unter/Oberstrass;47,3999;8,5474
An ruhiger Lage gemütliche 3-Zimmerwohnung mit zwei Balkonen;Apartment;60;Floor 2;3 rooms;Meiliweg 24;8055;Zürich;2.090;Friesenberg;47,3642;8,4903
Top of Zurich 3 5-Zimmer-Wohnung im obersten 6. OG. / DG. Nähe Mi...;Attic apartment;100;Floor 6;3.5 rooms;Schaffhauserstrasse 124;8057;Zürich;2.950;Unter/Oberstrass;47,3999;8,5474
Attraktive 4-Zimmerwohnung in Unterstrass;Apartment;null;Floor 1;4 rooms;Schürbungert 38;8057;Zürich;2.000;Unter/Oberstrass;47,3999;8,5474
Zentral und ruhig;Apartment;21;Ground floor;1 room;Oerlikonerstrasse 44;8057;Zürich;950;Unter/Oberstrass;47,3999;8,5474
Lichtdurchflutete 3.5-ZWG mit Wintergarten im 1. OG;Apartment;80;Floor 1;3.5 rooms;Unterwerkstrasse 7;8052;Zürich;2.185;Seebach;47,4245;8,5406
schöne Altbauwohnung sucht Dich!;Apartment;29;Floor 3;1 room;Stiglenstrasse 25;8052;Zürich;1.090;Seebach;47,4245;8,5406
Wohnen in Schwamendingen;Apartment;null;Floor 1;4 rooms;Altwiesenstrasse 130;8051;Zürich;1.615;Schwamendingen;47,3996;8,5788
4.5-Zimmerwohnung an beliebter Lage;Apartment;134;Floor 2;4.5 rooms;Regensbergstrasse 231;8050;Zürich;3.440;Oerlikon;47,4119;8,5508
Balkon mit Wohnung an zentraler Lage zu vermieten;Apartment;70;Floor 1;3 rooms;Schwamendingenstrasse 53;8050;Zürich;2.175;Oerlikon;47,4119;8,5508
Wunderschöne 4.5 Zimmer Maisonettewohnung mit Weitblick ab 01.April...;Maisonette;181;Floor 11;null;Rautistrasse 67;8047;Zürich;3.955;Albisrieden;47,3739;8,487
Hochwertige  charmante und neu renovierte Dachgeschosswohnung über ...;Apartment;102;null;3.5 rooms;not-existing;8032;not-existing;3.400;Hirslanden;47,3667;8,5644
Repräsentative Wohnung an zentraler Lage;Apartment;96;Floor 3;2.5 rooms;Klausstrasse 23;8008;Zürich;3.950;Riesbach;47,3536;8,5614
Ein Katzensprung zum See;Apartment;28;Floor 3;1 room;Seefeldstrasse 175;8008;Zürich;1.120;Riesbach;47,3536;8,5614
Dachwohnung im Kreis 4;Attic apartment;70;null;2 rooms;Herdernstrasse 90;8004;Zürich;1.875;Aussersihl;47,378;8,5234
Gepflegtes 4-Zi-Altbau-Bijou (100m2) im Kreis 3;Apartment;100;Floor 2;4 rooms;Kalkbreitestrasse 67;8003;Zürich;3.600;Sihlfeld/Werd;47,3726;8,5161
Helle renovierte Altbauwohnung nahe Bahnhof Enge;Apartment;84;Floor 4;3 rooms;Steinentischstrasse 1;8002;Zürich;3.067;Enge;47,3606;8,5325
Grosse 3.5 Zi-Wohnung in Oerlikon;Apartment;102;Floor 4;3.5 rooms;Binzmühlestrasse;8050;Zürich;2.647;Oerlikon;47,4119;8,5508
Möbliertes Zimmer in Wohngemeinschaft mitten in Zürich;Room in shared accommodation;16;Floor 2;1 room;Dübendorfstrasse;8049;Zürich;1.379;Höngg;47,4087;8,5004
Grosszügige Jugendstilwohnung;Apartment;208;null;>=6 rooms;Titlisstrasse;8032;Zürich;6.500;Hirslanden;47,3667;8,5644
Wunderschöner Hausteil mit eigenem Garten und liebevollem Innenausbau;Terraced house;90;null;3.5 rooms;Buhnrain 26;8052;Zürich;2.800;Seebach;47,4245;8,5406
Schöne Altbauwohnung Nähe Schmiede Wiedikon befristet ab Mitte Februar;Apartment;null;null;3 rooms;not-existing;8003;not-existing;3.000;Sihlfeld/Werd;47,3726;8,5161
Mitten im im schönen Seefeld  ruhig und paar Schritte vom See wohnen;Apartment;null;null;2.5 rooms;not-existing;8008;not-existing;2.433;Riesbach;47,3536;8,5614
Einfach Zuhause fühlen;Apartment;110;Floor 2;4.5 rooms;Dangelweg 1;8038;Zürich;2.865;Wollishofen;47,3416;8,5369
Charmante Wohnung im Herzen von Zürich - befristet;Apartment;37;Floor 1;1 room;Jenatschstrasse 5;8002;Zürich;1.465;Enge;47,3606;8,5325
Ihr neues Zuhause !;Apartment;73;Floor 2;3.5 rooms;Winterthurerstr. 320;8057;Zürich;1.730;Unter/Oberstrass;47,3999;8,5474
4 Zimmer Bijou in Wollishofen (am See) ab mitte März für 1 Jahr unt...;Miscellaneous;null;null;4 rooms;not-existing;8038;not-existing;3.200;Wollishofen;47,3416;8,5369
WG-Zimmer in Wipkingen;Miscellaneous;null;null;1 room;not-existing;8037;not-existing;900;Wipkingen;47,3985;8,5243
zentrale  ruhige Wohnlage - Nähe Schwamendingerplatz;Apartment;63;Floor 3;3 rooms;Blauäcker 18/20/22;8051;Zürich;1.790;Schwamendingen;47,3996;8,5788
Fitnessraum mit Küche  Dusche und WC in Zürich Seefeld;Apartment;89;Basement;2 rooms;Alderstrasse 28;8008;Zürich;2.350;Riesbach;47,3536;8,5614
Studiowohnung mit eigener Küche und Bad;Room in shared accommodation;20;Floor 2;1 room;Schaffhauserstrasse 550;8052;Zürich;1.700;Seebach;47,4245;8,5406
Möblierte Zimmer mit Service;Single room;20;Floor 3;1 room;Rautistrasse 12;8047;Zürich;1.250;Albisrieden;47,3739;8,487
7 Zimmer Wohnung Zürich Enge;Apartment;null;null;>=6 rooms;not-existing;8002;not-existing;3.500;Enge;47,3606;8,5325
Grosszügige  moderne 2.5-Zimmer-Wohnung;Apartment;69;Floor 10;null;Hohlstrasse 508;8048;Zürich;2.455;Altstetten;47,3868;8,4839
Attraktive  möblierte 1 ½ Zimmerwohnung;Furnished apartment;51;Ground floor;1.5 rooms;Obsthaldenstrasse 130;8046;Zürich;1.800;Affoltern;47,4222;8,5083
attraktive  komfortables Appartement  eigener Hausteil  mit Gartens...;Furnished apartment;42;Ground floor;1.5 rooms;Obsthaldenstr. 130;8046;Zürich;1.800;Affoltern;47,4222;8,5083
Schöne  günstige 3-Zimm  72m  CHF 1615  ;Apartment;72;null;3 rooms;Riedenhaldenstrasse 38;8046;Zürich;1.615;Affoltern;47,4222;8,5083
Wohnen an perfekter Lage;Apartment;89;Floor 1;4.5 rooms;Stettbacherrain 16;8051;Zürich;1.990;Schwamendingen;47,3996;8,5788
Gemütliche Wohnung an zentraler Lage in Schwamendingen;Apartment;53;Floor 4;2 rooms;Blauäcker 18/20/22;8051;Zürich;1.659;Schwamendingen;47,3996;8,5788
Attraktive Dachwohnung im Zürcher Seefeld;Apartment;96;Floor 4;4 rooms;Mühlebachstrasse 76;8008;Zürich;3.360;Riesbach;47,3536;8,5614
MÖBLIERT  TEMPORÄR: 3 ZI-WOHNUNG IN ZÜRICH - KREIS 4 AUSSERSIHL;Furnished apartment;54;null;3 rooms;not-existing;8004;not-existing;2.250;Aussersihl;47,378;8,5234
AKTIONSPREIS - 4 ZI-WOHNUNG IN ZÜRICH - KREIS 6  MÖBLIERT  TEMPORÄR;Furnished apartment;90;Floor 4;4 rooms;not-existing;8006;not-existing;3.125;Wipkingen;47,3858;8,5432
3-Zimmerwohnung - Schmuckstück im Grünen und doch stadtnah!;Apartment;70;Ground floor;3 rooms;Im Brächli 31;8053;Zürich;1.850;Witikon;47,3613;8,5974
Modern eingerichtete 1.5-Zimmerwohnung zu vermieten!;Furnished apartment;30;Floor 1;1.5 rooms;Grünhaldenstrasse 7;8050;Zürich;1.590;Oerlikon;47,4119;8,5508
möblierte 1-Zimmerwohnung in Oerlikon;Apartment;null;Floor 4;1 room;Grünhaldenstrasse 7;8050;Zürich;790;Oerlikon;47,4119;8,5508
WG-Zimmer in 3er WG. Zentraler Lage!;Room in shared accommodation;12;Floor 3;1 room;Beckhammer;8057;Zürich;1.100;Unter/Oberstrass;47,3999;8,5474
Nice room 5 minutes from the lake in Zurich - Wollishofen;Room in shared accommodation;13;Floor 3;1 room;Albisstrasse;8038;Zürich;1.050;Wollishofen;47,3416;8,5369
WG Zimmer;Room in shared accommodation;15;null;3 rooms;Albisstrasse 20;8038;Zürich;750;Wollishofen;47,3416;8,5369
grosses WG Zimmer;Room in shared accommodation;96;Ground floor;1 room;Riedtlistrasse;8006;Zürich;1.550;Wipkingen;47,3858;8,5432
2er WG in Traumwohnung K4;Miscellaneous;null;null;5 rooms;not-existing;8004;not-existing;1.250;Aussersihl;47,378;8,5234
Atelier in der Nähe vom Bahnhof Wipkingen;Apartment;22;Ground floor;1 room;Hönggerstrasse 4;8037;Zürich;995;Wipkingen;47,3985;8,5243
Komfortable und ruhige Wohnung an sehr guter Wohnlage;Apartment;72;Floor 1;3.5 rooms;Felsberg 2;8052;Zürich;1.800;Seebach;47,4245;8,5406
WG Zimmer zu vermieten in Zürich Kreis 6 Milchbuck;Single room;20;Floor 4;1.5 rooms;Schaffhauserstrasse 126;8057;Zürich;1.100;Unter/Oberstrass;47,3999;8,5474
Schmuckstück in der Nähe des Goldbrunnenplatzes!;Attic apartment;100;Floor 5;3.5 rooms;Goldbrunnenstrasse 130;8055;Zürich;2.750;Friesenberg;47,3642;8,4903
Familienfreundliche 4.5-Zimmerwohnung;Apartment;98;Floor 1;4.5 rooms;Burstwiesenstrasse;8055;Zürich;2.636;Friesenberg;47,3642;8,4903
Grosszügig wohnen in Witikon;Apartment;null;Floor 2;4 rooms;Wittikonerstrasse 452;8053;Zürich;1.762;Witikon;47,3613;8,5974
Attraktive Loft in Zürich-Altstetten;Apartment;78;Floor 2;1.5 rooms;Hohlstrasse 409;8048;Zürich;2.300;Altstetten;47,3868;8,4839
Gemütliche ruhig gelegenes Wohnung;Apartment;null;Floor 2;1.5 rooms;In der Wässeri 12;8047;Zürich;1.290;Albisrieden;47,3739;8,487
modernes wohnen in Zürich;Apartment;113;Floor 2;4.5 rooms;Bächlerstrasse 42;8046;Zürich;2.458;Affoltern;47,4222;8,5083
Befristetes  teilmöbliertes Wohnen am Zürichberg Nähe Zoo;Apartment;null;Ground floor;5 rooms;not-existing;8044;not-existing;2.800;Hottingen;47,3806;8,5994
Maisonette: Wohnen und Arbeiten unter einem Dach (möbeliert);Apartment;104;null;3 rooms;Leimbachstr. 21;8041;Zürich;2.214;Leimbach;47,3361;8,5156
Erholung inklusive!;Apartment;98;Floor 2;4.5 rooms;Grossackerstrasse 32;8041;Zürich;2.050;Leimbach;47,3361;8,5156
renovierte Dachwohnung mit Galerie;Attic apartment;57;Floor 4;2.5 rooms;nahe BHF Wollishofen;8038;Zürich;1.855;Wollishofen;47,3416;8,5369
3 1/2 Zimmer Wohnung in Zürich-Wipkingen;Apartment;68;Floor 2;3.5 rooms;Waidstrasse 5;8037;Zürich;2.400;Wipkingen;47,3985;8,5243
3.5-Zimmerwohnung mitten im Kreis 7;Apartment;75;Floor 1;3.5 rooms;Asylstrasse 106;8032;Zürich;2.448;Hirslanden;47,3667;8,5644
Sonnige Wohnung im Seefeld;Apartment;145;Floor 2;5.5 rooms;Arosastrasse 27;8008;Zürich;5.342;Riesbach;47,3536;8,5614
Wohnen im schönen zürcher Seefeld;Apartment;126;Floor 4;4.5 rooms;Dufourstrasse 171;8008;Zürich;5.141;Riesbach;47,3536;8,5614
Angesagtes Wohnen in der Europaallee: Ein Quartier voll Zürich;Apartment;114;Floor 9;4.5 rooms;Robert-Stephenson-Weg 55;8004;Zürich;4.010;Aussersihl;47,378;8,5234
1 1/2 Zimmer Wohnung  vollmöbliert zu vermieten;Apartment;42;null;1.5 rooms;Kernstrasse 27;8004;Zürich;1.165;Aussersihl;47,378;8,5234
Grosszügige Jugendstilwohnungen mit Aussicht;Apartment;95;Floor 2;3.5 rooms;Seebahnstrasse 145;8003;Zürich;2.995;Sihlfeld/Werd;47,3726;8,5161
Zentrales Wohnen mitten in der Stadt Zürich auf dem sonnigen Sihlberg;Apartment;50;Floor 2;2 rooms;Sihlberg 40;8002;Zürich;1.650;Enge;47,3606;8,5325
Ruhig und doch zentral - Befristet bis 30.09.2019;Apartment;60;Floor 3;3 rooms;Caspar Wüst-Strasse 40;8052;Zürich;1.466;Seebach;47,4245;8,5406
WG-Zimmer in Wiedikon in grosser Erdgeschoss-Wohnung mit Terrasse;Miscellaneous;null;null;3.5 rooms;not-existing;8045;not-existing;1.330;Alt-Wiedikon;47,3516;8,5057
Bright  open and vibrant flat. Come see!;Apartment;null;null;2.5 rooms;not-existing;8003;not-existing;2.850;Sihlfeld/Werd;47,3726;8,5161
Zentrale schoene & helle Wohnung mit Balkon im Kreis 2 (please cont...;Apartment;null;null;2.5 rooms;not-existing;8002;not-existing;1.970;Enge;47,3606;8,5325
1.5 ZW: Ettenfeld Nord - Zürich Seebach;Apartment;null;Floor 4;1.5 rooms;Arianestrasse 11;8052;Zürich;1.492;Seebach;47,4245;8,5406
Awesome 2.5 room flat  very central  to rent from the 27th of Janua...;Miscellaneous;null;null;2.5 rooms;not-existing;8006;not-existing;1.970;Wipkingen;47,3858;8,5432
Room for rent in big WG! Available from February 1 2019. Girls only.;Miscellaneous;null;null;1 room;not-existing;8041;not-existing;760;Leimbach;47,3361;8,5156
Urbane und moderne WG mit Panoramasicht;Miscellaneous;null;null;1 room;not-existing;8048;not-existing;1.760;Altstetten;47,3868;8,4839
Top attraktive 2-Zimmerwohnung im Kreis 4!;Apartment;51;Floor 5;2 rooms;Eichbühlstrasse 62;8004;Zürich;2.090;Aussersihl;47,378;8,5234
Mein neues Zuhause mit allem Komfort;Apartment;89;Floor 2;3.5 rooms;Schaffhauserstrasse 554;8052;Zürich;2.171;Seebach;47,4245;8,5406
Attraktive 3.5-Zimmerwohnung an ruhiger und grüner Lage;Apartment;91;Ground floor;3.5 rooms;Ausserdorfstr. 12a;8052;Zürich;2.061;Seebach;47,4245;8,5406
Charming 2-room duplex in Zurich old town - available from 1st Feb;Miscellaneous;null;null;2 rooms;not-existing;8001;not-existing;1.916;Altstadt;47,372;8,5413
WG Zimmer in Milchbuck Kreis 6;Miscellaneous;null;null;1.5 rooms;not-existing;8057;not-existing;1.100;Unter/Oberstrass;47,3999;8,5474
1.5 Zimmer Wohnung;Apartment;35;Floor 3;1.5 rooms;Schaffhauserstrasse 280;8057;Zürich ZH;1.295;Unter/Oberstrass;47,3999;8,5474
Wohnen wie über den Wolken! Ihr neues Zuhause im Kreis 2!;Apartment;110;Floor 2;3.5 rooms;Kilchbergstr. 139;8038;Zürich;2.863;Wollishofen;47,3416;8,5369
Super Wohnlage - Nähe Stauffaucher und Bahnhof Selnau;Apartment;104;Floor 5;3.5 rooms;Werdstrasse 8;8004;Zürich;2.760;Aussersihl;47,378;8,5234
Geniessen Sie ruhiges Wohnen an zentraler Lage;Apartment;53;Ground floor;2 rooms;Wehntalerstrasse 580;8046;Zürich;1.457;Affoltern;47,4222;8,5083
Schmuckstück auf dem Zürichberg mit Seesicht;Apartment;null;Floor 1;2.5 rooms;Fritz-Fleiner-Weg 3;8044;Zürich;2.890;Hottingen;47,3806;8,5994
MÖBLIERT  TEMPORÄR: 1½ ZI-WOHNUNG IN ZÜRICH - KREIS 5;Furnished apartment;35;null;1.5 rooms;not-existing;8005;not-existing;2.206;Industriequartier;47,3868;8,5207
1.5 ZW: Ideale Stadtwohnung für Singles !;Apartment;41;Floor 3;1.5 rooms;Arianestrasse 9;8052;Zürich;1.521;Seebach;47,4245;8,5406
4-Zimmerwohnung  an zentraler  grüner Wohnlage;Apartment;74;Floor 4;4 rooms;Grosswiesenstrasse 140;8051;Zürich;1.870;Schwamendingen;47,3996;8,5788
Untermiete  teilmöblierte 2Zimmerwohnung;Apartment;55;null;2 rooms;Emil-Oprecht-St.;8050;Zürich;1.630;Oerlikon;47,4119;8,5508
Studio im Herzen von Zürich;Studio;20;null;1 room;Herbstweg 5;8050;Zürich;1.200;Oerlikon;47,4119;8,5508
Schönes WG-Zimmer in bester Lage;Single room;12;Floor 4;1 room;Kronenstrasse 39;8006;Zürich;650;Wipkingen;47,3858;8,5432
Charmnte möblierte 2 - ZW an sehr zentraler Lage;Furnished apartment;null;Floor 1;2 rooms;Schaffhauserstrasse 419;8050;Zürich;1.490;Oerlikon;47,4119;8,5508
Achtung  fertig - Wohnen!;Apartment;54;Floor 2;2 rooms;Winterthurerstr. 633;8051;Zürich;1.470;Schwamendingen;47,3996;8,5788
Stilvolle Wohnung in Zürich Hottingen;Apartment;71;Floor 1;2.5 rooms;Plattenstrasse 86;8032;Zürich;2.670;Hirslanden;47,3667;8,5644
Grosszügige  helle 4-Zimmerwohnung an ruhiger aber zentraler Lage;Apartment;101;Floor 1;4 rooms;Heliosstrasse 4;8032;Zürich;3.564;Hirslanden;47,3667;8,5644
Stilvolles WG-Zimmer nahe Hardbrücke;Room in shared accommodation;null;Floor 3;1 room;Knüslistrasse;8004;Zürich;1.016;Aussersihl;47,378;8,5234
Ideale WG Wohnung frisch saniert im Zentrum Altstetten;Apartment;104;Floor 1;4.5 rooms;Bachmattstrasse 33;8048;Zürich;2.950;Altstetten;47,3868;8,4839
Aussergewöhnliche 3-Zimmerwohnung mit Dachterrasse;Apartment;101;Floor 5;3 rooms;Bederstrasse 94;8002;Zürich;3.030;Enge;47,3606;8,5325
Zentral gelegene 3.5 Zimmer-Wohnung mit Balkon;Apartment;null;Floor 2;3.5 rooms;Uetlibergstrasse 48;8045;Zürich;2.505;Alt-Wiedikon;47,3516;8,5057
Moderne Wohnung mit zwei Balkonen und guten Verkehrsanbindungen;Apartment;69;Floor 1;3.5 rooms;Am Glattbogen 175;8050;Zürich;1.785;Oerlikon;47,4119;8,5508
Neubau am Milchbuck ab März;Furnished apartment;53;Floor 2;2.5 rooms;Schaffhausersrasse 210;8057;Zürich;1.790;Unter/Oberstrass;47,3999;8,5474
Schöne 1-Zimmer Wohnung in Zürich-Höngg  frei ab 1.03.2019;Apartment;null;null;1 room;not-existing;8049;not-existing;1.221;Höngg;47,4087;8,5004
fully furnished apartment for subrent March-June!;Apartment;null;null;2.5 rooms;not-existing;8005;not-existing;3.000;Industriequartier;47,3868;8,5207
Mitten im Niederdorf (sehr ruhig gelegen);Apartment;null;null;3 rooms;not-existing;8001;not-existing;2.700;Altstadt;47,372;8,5413
Supermoderner Neubau zur Zwischenmiete;Apartment;null;null;3 rooms;not-existing;8053;not-existing;2.500;Witikon;47,3613;8,5974
Wunderschöne 2.5 Zimmer Wohnung mit Dachterasse  70m2;Apartment;null;null;2.5 rooms;not-existing;8041;not-existing;1.600;Leimbach;47,3361;8,5156
Bright and well located flat;Apartment;null;null;2.5 rooms;not-existing;8050;not-existing;1.750;Oerlikon;47,4119;8,5508
2 5 Zimmer Wohnung in Zurich  Kreis 6 - befristet für 6 Monate  10 ...;Apartment;null;null;2.5 rooms;not-existing;8057;not-existing;1.770;Unter/Oberstrass;47,3999;8,5474
2.5Zi Wohnung zur Untermiete 1590.- inkl.;Apartment;null;null;2.5 rooms;not-existing;8037;not-existing;1.590;Wipkingen;47,3985;8,5243
Modernes Wohnen in Hottingen;Apartment;118;Floor 3;5.5 rooms;Streulistr. 32;8032;Zürich;3.620;Hirslanden;47,3667;8,5644
Room in Greencity shared flat Zurich;Miscellaneous;null;null;1 room;not-existing;8041;not-existing;1.040;Leimbach;47,3361;8,5156
Helles und modernes WG Zimmer zu vermieten;Miscellaneous;null;null;1 room;not-existing;8050;not-existing;1.130;Oerlikon;47,4119;8,5508
Lovely room in shared flat  close to Bahnhof Enge;Miscellaneous;null;null;1 room;not-existing;8002;not-existing;1.350;Enge;47,3606;8,5325
WG-Zimmer in 3er-WG in Kreis 3;Miscellaneous;null;null;1 room;not-existing;8045;not-existing;1.200;Alt-Wiedikon;47,3516;8,5057
4er WG nähe Hardplatz  Kreis 4;Miscellaneous;null;null;1 room;not-existing;8004;not-existing;1.250;Aussersihl;47,378;8,5234
Per sofort 1 Zimmer in 2-er WG im Kreis 5;Miscellaneous;null;null;1 room;not-existing;8005;not-existing;1.220;Industriequartier;47,3868;8,5207
Nachmieter/In für ein Zimmer in 3er WG  Zürich Wiedikon;Miscellaneous;null;null;1 room;not-existing;8045;not-existing;1.125;Alt-Wiedikon;47,3516;8,5057
March sublet of our furnished 2.5 rooms apartment next to HB (from ...;Apartment;null;null;2.5 rooms;not-existing;8001;not-existing;2.500;Altstadt;47,372;8,5413
Möblierte Dachwohnung nahe Albisriederplatz unterzuvermieten (März ...;Attic apartment;null;null;2.5 rooms;not-existing;8004;not-existing;2.550;Aussersihl;47,378;8,5234
Möblierte 2.5-Zimmer-Wohnung im Kreis 5 befristet ab dem 1.4.19 bis...;Apartment;null;null;2.5 rooms;not-existing;8005;not-existing;2.100;Industriequartier;47,3868;8,5207
2-Zimmer Wohnung Mitte Februar bis Mite März im Kreis 4 zu vermieten;Apartment;null;null;2.5 rooms;not-existing;8004;not-existing;2.200;Aussersihl;47,378;8,5234
Sonnige  moderne 2.5-Zimmerwohnung an top Lage;Apartment;null;null;2.5 rooms;not-existing;8005;not-existing;2.050;Industriequartier;47,3868;8,5207
Nähe Irchelpark;Apartment;null;Floor 2;1 room;Schaffhauserstrasse 273;8057;Zürich;1.070;Unter/Oberstrass;47,3999;8,5474
Suche Mitbewohner/in für schöne und zentral gelegene 2er-WG im Krei...;Miscellaneous;null;null;1 room;not-existing;8050;not-existing;1.190;Oerlikon;47,4119;8,5508
Grosses Zimmer in 2er WG Kreis 4 mit Aussicht - ab Februar;Miscellaneous;null;null;1 room;not-existing;8004;not-existing;970;Aussersihl;47,378;8,5234
Am Stadtrand von Zürich;Apartment;null;Floor 1;4.5 rooms;Stettbacherrain 2;8051;Zürich;1.777;Schwamendingen;47,3996;8,5788
schöne 1.5-Zimmer-Wohnung mit Balkon an ruhiger Lage;Apartment;31;Floor 2;1.5 rooms;Luegislandstrasse 412;8051;Zürich;1.280;Schwamendingen;47,3996;8,5788
1.5 Zimmer Wohnung in zentraler aber ruhigen Lage / 1.5 room apartm...;Apartment;35;Floor 5;1.5 rooms;Gubelstrasse 62;8050;Zürich;1.750;Oerlikon;47,4119;8,5508
Exklusive Attika-Wohnung mit Blick über Zürich;Attic apartment;115;Floor 5;3.5 rooms;Hadlaubstrasse 20;8048;Zürich;3.950;Altstetten;47,3868;8,4839
geräumige 3.5 - Zimmerwohnung (89 m2) Nähe Triemlispital;Apartment;89;Floor 1;3.5 rooms;Triemlistr. 157;8047;Zürich;2.297;Albisrieden;47,3739;8,487
Loftartige Gartenwohnung am obersten Zürichberg;Apartment;115;Ground floor;null;Susenbergstrasse 187;8044;Zürich;3.850;Hottingen;47,3806;8,5994
Geräumige Loftwohnung an zentraler Lage;Apartment;71;Floor 1;1 room;Sonnhaldenstrasse 2;8032;Zürich;1.890;Hirslanden;47,3667;8,5644
1-Zimmerstudio im Seefeld  Zürich;Studio;null;null;1 room;Höschgasse 36;8008;Zürich;1.100;Riesbach;47,3536;8,5614
Exklusive Wohnung an Top-Lage;Apartment;143;Floor 3;5.5 rooms;Winterthurerstrasse 83;8006;Zürich;6.750;Wipkingen;47,3858;8,5432
Studio im Seefeld per 1. April 2019;Apartment;22;Floor 2;1 room;Alderstrasse 18;8008;Zürich;1.050;Riesbach;47,3536;8,5614
Nähe Central mit Sicht auf Zürich;Apartment;100;Floor 4;3.5 rooms;Weinbergstrasse 68;8006;Zürich;2.870;Wipkingen;47,3858;8,5432
Moderne Altbau-Wohnung (3.5 Zimmer) im Herzen Wiedikons;Apartment;70;Floor 2;3.5 rooms;Rotachstrasse 14;8003;Zürich;2.800;Sihlfeld/Werd;47,3726;8,5161
Wohnung sehr zentral - befristet;Apartment;66;null;3 rooms;not-existing;8003;not-existing;2.180;Sihlfeld/Werd;47,3726;8,5161
Wohnen im Herzen von Zürich;Apartment;null;Ground floor;3.5 rooms;Idastrasse 19;8003;Zürich;1.940;Sihlfeld/Werd;47,3726;8,5161
Wunderschöne Dachterrassenwohnung direkt in Wiedikon;Attic apartment;38;Floor 5;1.5 rooms;Weststrasse 55;8003;Zürich;1.680;Sihlfeld/Werd;47,3726;8,5161
Idealer Raum zum Basteln;Miscellaneous;null;null;null;Sihlberg 32;8002;Zürich;194;Enge;47,3606;8,5325
Vermietung nach Totalsanierung;Apartment;171;Floor 2;4.5 rooms;Parkring 10;8002;Zürich;5.800;Enge;47,3606;8,5325
Eine wunderschöne 4 5 Zimmerwohnung an bester Lage im Zürich 2;Apartment;130;Floor 1;4.5 rooms;Stockerstrasse 58;8002;Zürich;4.600;Enge;47,3606;8,5325
Charmante Altbauwohnung;Apartment;68;Floor 2;3 rooms;Brunaustrasse 64;8002;Zürich;2.850;Enge;47,3606;8,5325
Einzigartige Wohnung im Herzen von Zürich mit Dachterrasse;Apartment;72;Floor 2;3.5 rooms;Augustinergasse 50;8001;Zürich;3.430;Altstadt;47,372;8,5413
gemütliche 2-Zimmer-Wohnung zur Untermiete von April bis Juni;Apartment;null;null;2 rooms;not-existing;8045;not-existing;1.700;Alt-Wiedikon;47,3516;8,5057
Gemütliches Bijou am Züriberg (nahe ETH/Uni/Unispital);Apartment;null;null;1.5 rooms;not-existing;8044;not-existing;1.320;Hottingen;47,3806;8,5994
beautiful apartment next to Helvetiaplatz;Apartment;null;null;1.5 rooms;not-existing;8004;not-existing;1.150;Aussersihl;47,378;8,5234
Beautiful centrally located apartment for rent from 15th Feb 2019- ...;Apartment;null;null;3.5 rooms;not-existing;8032;not-existing;3.564;Hirslanden;47,3667;8,5644
Helle 3.5 Zi-Wohnung zur Untermiete  nahe Stauffacher  Hallwylplatz;Apartment;null;null;3.5 rooms;not-existing;8004;not-existing;2.505;Aussersihl;47,378;8,5234
Frisch renovierte/möblierte 3.5 Zimmerwohnung in der unmittelbaren ...;Apartment;null;null;3.5 rooms;not-existing;8032;not-existing;2.400;Hirslanden;47,3667;8,5644
Moderne Gartenwohnung mit Stadtsicht befristet Januar/Februar;Apartment;null;null;2.5 rooms;not-existing;8053;not-existing;2.920;Witikon;47,3613;8,5974
Grosse 2 1/2 Zimmerwohnung per 1.März 2019 für CHF 2380 zu vermieten;Apartment;null;null;2.5 rooms;not-existing;8047;not-existing;2.380;Albisrieden;47,3739;8,487
Moderne möblierte 1-Zimmer Apartments (ca. 20 m2);Furnished apartment;20;Floor 2;1 room;Triemlistrasse 145;8047;Zürich;1.420;Albisrieden;47,3739;8,487
Grosszügige helle 3 Zimmer Wohnung mit Balkon in Hottingen;Furnished apartment;65;Floor 1;3 rooms;Asylstrasse 106;8032;Zürich;2.890;Hirslanden;47,3667;8,5644
Helles WG Zimmer 22m2;Miscellaneous;null;null;1 room;not-existing;8052;not-existing;1.200;Seebach;47,4245;8,5406
Möbliertes Zimmer in toller WG zur Untermiete für 3-4 Monate ab Mit...;Miscellaneous;null;null;1 room;not-existing;8047;not-existing;1.000;Albisrieden;47,3739;8,487
Room in a lovely Flat in Kreis 11  Zürich;Miscellaneous;null;null;1 room;not-existing;8050;not-existing;1.150;Oerlikon;47,4119;8,5508
Zimmer in WG Kreis 4;Miscellaneous;null;null;1 room;not-existing;8004;not-existing;1.300;Aussersihl;47,378;8,5234
Wg zwein personen kreis 2 grosse private dachterrasse;Miscellaneous;null;null;1 room;not-existing;8002;not-existing;1.750;Enge;47,3606;8,5325
WG in Kreis 8 - 1 Zimmer zu vermieten in schöner 3.5 Zimmer-Wohnung;Apartment;69;Ground floor;3.5 rooms;Südstrasse 106;8008;Zürich;1.500;Riesbach;47,3536;8,5614
Gemütliche 2-Zi Wohnung in Zürich Seefeld 8008;Apartment;null;null;2 rooms;not-existing;8008;not-existing;2.140;Riesbach;47,3536;8,5614
1 5 Zimmerwohnung in Zürich - Wiedikon;Apartment;null;null;1.5 rooms;not-existing;8003;not-existing;1.300;Sihlfeld/Werd;47,3726;8,5161
1 1/2 ZIMMERWOHNUNG PER MITTE JANUAR 2019 - WIEDIKON;Apartment;null;null;1.5 rooms;not-existing;8045;not-existing;1.150;Alt-Wiedikon;47,3516;8,5057
Lovely semi-furnished 1.5 bedroom apartment in the old town availab...;Apartment;null;null;1.5 rooms;not-existing;8001;not-existing;1.440;Altstadt;47,372;8,5413
Schöne 2-Zimmer-Altbauwohnung mit Parkplatz;Apartment;null;Floor 1;2 rooms;Ütlibergstrasse 82;8045;Zürich;1.710;Alt-Wiedikon;47,3516;8,5057
Charmante Dach-Loft zur Untermiete;Loft;null;null;1.5 rooms;not-existing;8002;not-existing;1.880;Enge;47,3606;8,5325
Grosszügige  helle 4-Zimmerwohnung an ruhiger aber zentraler Lage;Apartment;101;Floor 1;4 rooms;not-existing;8032;not-existing;3.564;Hirslanden;47,3667;8,5644
Sehr zentrales Zimmer in unkomplizierter 2er WG;Miscellaneous;null;null;1 room;not-existing;8004;not-existing;1.425;Aussersihl;47,378;8,5234
WG-Zimmer beim Hegibachplatz von 1.3. bis 1.9.;Miscellaneous;null;null;1 room;not-existing;8032;not-existing;660;Hirslanden;47,3667;8,5644
Schönes Zimmer in grosser WG mit Dachterasse sucht Mitbewohner (m) 30+;Miscellaneous;null;null;1 room;not-existing;8006;not-existing;700;Wipkingen;47,3858;8,5432
Ruhiges  helles Zimmer in der Stadt zur Untermiete (14.1.-7.2.2019);Miscellaneous;null;null;1 room;not-existing;8048;not-existing;720;Altstetten;47,3868;8,4839
1 Zimmer - 4er WG befristete Untermiete (möbiliert) Januar - April ...;Miscellaneous;null;null;1 room;not-existing;8003;not-existing;800;Sihlfeld/Werd;47,3726;8,5161
WG-Zimmer in der Kalkbreite ab 1. April;Miscellaneous;null;null;1 room;not-existing;8003;not-existing;736;Sihlfeld/Werd;47,3726;8,5161
Dein neues Zuhause;Miscellaneous;null;null;1 room;not-existing;8006;not-existing;520;Wipkingen;47,3858;8,5432
Altbau Wohnung im Kreis 1;Apartment;null;null;5.5 rooms;not-existing;8001;not-existing;3.900;Altstadt;47,372;8,5413
WG Zimmer nahe Lochergut ab 1.2.19;Miscellaneous;null;null;1 room;not-existing;8004;not-existing;580;Aussersihl;47,378;8,5234
Schönes Wg-Zimmer Kreis 11 1.3.-31.3.19 (CHF 547.-);Miscellaneous;null;null;1 room;not-existing;8046;not-existing;547;Affoltern;47,4222;8,5083
WG Zimmer neben Bhf Wiedikon und Kalkbreite 2 Monate;Miscellaneous;null;null;1 room;not-existing;8045;not-existing;680;Alt-Wiedikon;47,3516;8,5057
Grosses Zimmer zu vermieten Februar/März  Kreis 6;Miscellaneous;null;null;1 room;not-existing;8057;not-existing;500;Unter/Oberstrass;47,3999;8,5474
Artsy Room in the heart of Zurich - CHF 590;Miscellaneous;null;null;1 room;not-existing;8044;not-existing;590;Hottingen;47,3806;8,5994
Wohnen am Hönggerberg;Apartment;null;Floor 3;1 room;Kettberg;8049;Zürich ZH;1.600;Höngg;47,4087;8,5004
Frisch renovierte  top 4.5-Zimmerwohnung mit Balkon;Apartment;100;Floor 2;4.5 rooms;Langgrütstrasse 61;8047;Zürich;2.790;Albisrieden;47,3739;8,487
Helle 2.5-Zimmerwohnung in Gehdistanz zum See;Apartment;85;Floor 1;2.5 rooms;Dahliastrasse 16;8008;Zürich ZH;2.700;Riesbach;47,3536;8,5614
Möblierte 2½ Zimmer-Wohnung in Oerlikon bis Ende März  Übernahme mö...;Apartment;null;null;2.5 rooms;not-existing;8050;not-existing;1.700;Oerlikon;47,4119;8,5508
Nachmieter gesucht für ruhige  schön gelegene 2 1/2 Zimmer Wohnung ...;Apartment;null;null;2.5 rooms;not-existing;8047;not-existing;1.560;Albisrieden;47,3739;8,487
WGZimmer für Februar/März am Bullingerplatz;Miscellaneous;null;null;1 room;not-existing;8004;not-existing;1.100;Aussersihl;47,378;8,5234
Grosses möbliertes Zimmer 22 m2 Kreis 7;Miscellaneous;null;null;1 room;not-existing;8053;not-existing;950;Witikon;47,3613;8,5974
Möbl. WG-Zimmer;Miscellaneous;17;Floor 10;null;Im Isengrind 11;8046;Zürich ZH;1.500;Affoltern;47,4222;8,5083
Möbl. WG-Zimmer;Miscellaneous;null;Floor 3;1 room;Röntgenplatz;8005;Zürich ZH;1.250;Industriequartier;47,3868;8,5207
Hübsches WG-Zimmer in 3er WG;Miscellaneous;null;null;1 room;not-existing;8006;not-existing;670;Wipkingen;47,3858;8,5432
Möbl. WG-Zimmer;Miscellaneous;15;Floor 4;1 room;Schaffhauserstrasse 353;8050;Zürich ZH;800;Oerlikon;47,4119;8,5508
Helles WG-Zimmer im Kreis 7;Miscellaneous;null;null;1 room;not-existing;8053;not-existing;800;Witikon;47,3613;8,5974
Freies WG-Zimmer Örlikon;Miscellaneous;null;null;1 room;not-existing;8050;not-existing;800;Oerlikon;47,4119;8,5508
WG-Zimmer Nähe Werdinsel;Room in shared accommodation;12;Floor 1;1 room;Am Wasser 135;8049;Zürich;722;Höngg;47,4087;8,5004
WG ZIMMER FREIESTRASSE 21 (KREIS 7);Miscellaneous;null;null;4.5 rooms;not-existing;8032;not-existing;1.100;Hirslanden;47,3667;8,5644
Grosses Zimmer in 2er WG;Miscellaneous;null;null;3.5 rooms;not-existing;8006;not-existing;1.500;Wipkingen;47,3858;8,5432
Super zentral! Gleich neben Zürich HB  temporär;Miscellaneous;null;null;3.5 rooms;not-existing;8001;not-existing;2.950;Altstadt;47,372;8,5413
WG Zimmer im Toni Areal (per 1. April 2019);Miscellaneous;null;null;3.5 rooms;not-existing;8005;not-existing;1.700;Industriequartier;47,3868;8,5207
Escherwyss Platz/ Top WG-Zimmer;Miscellaneous;null;null;3.5 rooms;not-existing;8005;not-existing;980;Industriequartier;47,3868;8,5207
Cooles WG-Zimmer zu vergeben in Wiedikon nähe Brupbacherplatz;Miscellaneous;null;null;3.5 rooms;not-existing;8045;not-existing;900;Alt-Wiedikon;47,3516;8,5057
WG ZIMMER HUTTENSTRASSE;Miscellaneous;null;null;4.5 rooms;not-existing;8006;not-existing;780;Wipkingen;47,3858;8,5432
2 möblierte WG Zimmer im Seefeld zu vermieten mit Dachterrasse!;Miscellaneous;null;null;2 rooms;not-existing;8008;not-existing;500;Riesbach;47,3536;8,5614
2-room-apartment to sublet for 3 weeks;Miscellaneous;null;null;2 rooms;not-existing;8047;not-existing;1.000;Albisrieden;47,3739;8,487
1.5 Zimmer möbl. Wohnobjekt;Furnished apartment;50;Floor 2;1.5 rooms;Uetliberghalde 5;8045;Zürich ZH;1.670;Alt-Wiedikon;47,3516;8,5057
MÖBLIERT: WG-ZIMMER IN ZÜRICH - KREIS 7 ZÜRICHBERG;Furnished apartment;31;null;1 room;not-existing;8044;not-existing;1.890;Hottingen;47,3806;8,5994
Room available in a very nice and bright flat in Seefeld from March...;Miscellaneous;null;null;3.5 rooms;not-existing;8008;not-existing;1.435;Riesbach;47,3536;8,5614
UntermieterIn gesucht  befristet  möblierte WG;Miscellaneous;null;null;3 rooms;not-existing;8004;not-existing;1.250;Aussersihl;47,378;8,5234
schönes Alltbau-Zimmer zur Untermiete (ab 21. Februar möglich);Miscellaneous;null;null;4.5 rooms;not-existing;8050;not-existing;680;Oerlikon;47,4119;8,5508
Room in Kreis 7 for end of March;Miscellaneous;null;null;4.5 rooms;not-existing;8032;not-existing;1.011;Hirslanden;47,3667;8,5644
Grosses WG-Zimmer im Kreis 7;Miscellaneous;null;null;1.5 rooms;not-existing;8053;not-existing;964;Witikon;47,3613;8,5974
Für Vegetarierin oder Vegane Dachmansarde im Kreis 4  zentral und r...;Miscellaneous;null;null;1.5 rooms;not-existing;8004;not-existing;1.050;Aussersihl;47,378;8,5234
ZH WERD Möblierte 2-Zimmer-Wohnung Suche nach einem Mitbewohner;Apartment;null;null;2 rooms;not-existing;8004;not-existing;1.700;Aussersihl;47,378;8,5234
//ZH WERD// 2 rooms in a WG;Miscellaneous;null;null;2 rooms;not-existing;8004;not-existing;1.500;Aussersihl;47,378;8,5234
FURNISHED ONE ROOM APARTMENT ZÜRICH;Miscellaneous;null;null;1.5 rooms;not-existing;8003;not-existing;1.400;Sihlfeld/Werd;47,3726;8,5161
Grosses Zimmer in 2er WG mit eigenem Bad;Miscellaneous;null;null;1.5 rooms;not-existing;8037;not-existing;1.400;Wipkingen;47,3985;8,5243
Bellevue Room Untermiete Jan - Feb;Miscellaneous;null;null;1.5 rooms;not-existing;8001;not-existing;1.400;Altstadt;47,372;8,5413
Cosy furnished apartment in Wollishofen to rent for 40 days.;Apartment;null;null;1.5 rooms;not-existing;8038;not-existing;1.400;Wollishofen;47,3416;8,5369
Zimmer Oerlikon;Miscellaneous;null;null;2 rooms;not-existing;8050;not-existing;697;Oerlikon;47,4119;8,5508
2.5 Zimmer Dachwohnung;Attic apartment;null;Floor 2;2.5 rooms;Bauherrenstrasse 43;8049;Zürich ZH;2.084;Höngg;47,4087;8,5004
Super Aussicht und ein parkähnlicher Garten;Attic apartment;60;Floor 2;2.5 rooms;Bauherrenstrasse 43;8049;Zürich;2.084;Höngg;47,4087;8,5004
2 1/2 Zimmer-Stadtwohnung mit Balkon;Apartment;70;Floor 3;2.5 rooms;Russenweg 7;8008;Zürich;2.473;Riesbach;47,3536;8,5614
2-Zimmer Wohnung zur Untermiete mit eigenem Garten (Mai-August 2019);Apartment;null;null;2 rooms;not-existing;8006;not-existing;1.890;Wipkingen;47,3858;8,5432
Sehr charmante möblierte 2-Zimmer Wohnung direkt an der Limmat  ab ...;Apartment;null;null;2 rooms;not-existing;8005;not-existing;1.500;Industriequartier;47,3868;8,5207
Tolle Wohnung in 1.5 Zi-Whg Wipkingen für 1 Jahr ab März 2019;Apartment;null;null;1.5 rooms;not-existing;8037;not-existing;1.250;Wipkingen;47,3985;8,5243
2 Zimmer Wohnung;Apartment;55;null;2 rooms;Emil-Oprecht-Strasse;8050;Zürich ZH;1.630;Oerlikon;47,4119;8,5508
2.5 ZW: Mit eigener Waschmaschine und Tumbler;Apartment;67;Floor 3;2.5 rooms;Arianestrasse 9;8052;Zürich;1.895;Seebach;47,4245;8,5406
Appartement endroit calme;Apartment;50;null;1.5 rooms;Buhnstrasse  14;8044;Zürich;1.500;Hottingen;47,3806;8,5994
3 Minuten zum Lindenplatz! / Befristet auf den 31.03.2020;Apartment;64;null;3 rooms;Altstetterstrasse 176;8048;Zürich;1.950;Altstetten;47,3868;8,4839
Hier können Sie relaxen!;Maisonette;140;Ground floor;3.5 rooms;Birchstrasse 184;8050;Zürich;3.205;Oerlikon;47,4119;8,5508
Location Appartement Rotachstrasse;Apartment;45;Floor 1;2.5 rooms;Rotachstrasse;8003;Zürich;2.400;Sihlfeld/Werd;47,3726;8,5161
Mitbewohner/in für moderne 3er WG gesucht;Room in shared accommodation;16;Floor 8;1 room;Grosswiesenstrasse 165;8051;Zürich;1.110;Schwamendingen;47,3996;8,5788
3 5 Zimmer Dachgeschosswohnung: Privat  sonnig und zentral mit Dach...;Furnished apartment;70;Floor 5;3 rooms;Büchnerstrasse  18;8006;Zürich;2.800;Wipkingen;47,3858;8,5432
Immediately available 2.5 room apartment  newly built house;Apartment;68;Ground floor;2.5 rooms;Riedgrabenweg;8051;Zürich;2.550;Schwamendingen;47,3996;8,5788
Toni Areal - Wohnen im pulsierenden Zürich West;Maisonette;131;Floor 19;null;Pfingstweidstrasse 94;8005;Zürich;4.640;Industriequartier;47,3868;8,5207
Zürich Seefeld - ein Zuhause zum Wohlfühlen;Apartment;140;Floor 1;4.5 rooms;Zollikerstrasse 185;8008;Zürich;4.960;Riesbach;47,3536;8,5614
Super Wohnlage! - In grünem Wohnquartier und doch zentral;Apartment;95;Floor 2;3.5 rooms;Rümlangstrasse 60;8052;Zürich;1.865;Seebach;47,4245;8,5406
3 1/2-Zimmerwohnung;Apartment;80;null;3.5 rooms;Viktoriastrasse 34;8057;Zürich;1.885;Unter/Oberstrass;47,3999;8,5474
